Term,Tag
راجستھان,NNP
راجستھان,NNP
راجستھان,NNP
اپریل,NNP
جون,NNP
اکتوبر,NNP
نومبر,NNP
راجستھان,NNP
راجستھان,NNP
راجستھان,NNP
راجستھان,NNP
راجستھان,NNP
راجستھان,NNP
راجستھان,NNP
راجستھان,NNP
راجستھان,NNP
سورج,NNP
راجستھان,NNP
شمال,NNP
ہندوستان,NNP
راجستھان,NNP
راجستھان,NNP
ہندوستان,NNP
انڈیا,NNP
راجستھان,NNP
راجستھان,NNP
ہندوستان,NNP
راجستھان,NNP
مئی,NNP
اگست,NNP
دہلی,NNP
دہلی,NNP
دہلی,NNP
البرٹ,NNP
کرن,NNP
مارچ,NNP
جون,NNP
ستمبر,NNP
اکتوبر,NNP
دسمبر,NNP
جنوری,NNP
شملہ,NNP
راجستھان,NNP
راجستھان,NNP
ہندوستان,NNP
ہندوستان,NNP
بنگال,NNP
بنگال,NNP
بنگال,NNP
جنت,NNP
ہندوستان,NNP
راجستھان,NNP
ہندوستان,NNP
ہندوستان,NNP
ہندوستان,NNP
ہندوستان,NNP
بہار,NNP
شوکت,NNP
ہندوستان,NNP
شوکت,NNP
خواجہ,NNP
معین,NNP
راجستھان,NNP
ہندوستان,NNP
راجستھان,NNP
راجستھان,NNP
راجستھان,NNP
نومبر,NNP
مارچ,NNP
زیارت,NNP
سنگھ,NNP
سکھ,NNP
سنگھ,NNP
کرکٹ,NNP
ڈلہوزی,NNP
ہندوستان,NNP
ڈلہوزی,NNP
بدھ,NNP
شمال,NNP
بدھ,NNP
شملہ,NNP
ہندوستان,NNP
شملہ,NNP
شملہ,NNP
شملہ,NNP
نگر,NNP
نگر,NNP
نگر,NNP
سکھ,NNP
ساگر,NNP
بدھ,NNP
دہلی,NNP
ہندوستان,NNP
دہلی,NNP
دہلی,NNP
دہلی,NNP
بھارت,NNP
دہلی,NNP
دہلی,NNP
ہندوستان,NNP
شاہ,NNP
دہلی,NNP
شاہ,NNP
بھون,NNP
ہندوستان,NNP
انڈیا,NNP
بھون,NNP
انڈیا,NNP
جون,NNP
گاندھی,NNP
نذر,NNP
دہلی,NNP
فروری,NNP
دھیان,NNP
اکبر,NNP
شاہ,NNP
رامائن,NNP
ہندوستان,NNP
گنگا,NNP
اکبر,NNP
اللہ,NNP
اکبر,NNP
ہندوستان,NNP
گنگا,NNP
گنگا,NNP
ہندوستان,NNP
مسیح,NNP
جہانگیر,NNP
فارسی,NNP
ہندوستان,NNP
رامائن,NNP
جنت,NNP
اسلام,NNP
کوٹ,NNP
کوٹ,NNP
مارچ,NNP
اپریل,NNP
شاہ,NNP
گنگا,NNP
راؤ,NNP
اودھ,NNP
رائے,NNP
کرشن,NNP
کرشن,NNP
برج,NNP
کرشن,NNP
برج,NNP
دہلی,NNP
جنوب,NNP
مشرق,NNP
شمال,NNP
جنوب,NNP
برج,NNP
کرشن,NNP
کرشن,NNP
شاہ,NNP
کرشن,NNP
شاہ,NNP
کرشن,NNP
شمال,NNP
کرشن,NNP
کرشن,NNP
حسین,NNP
کرشن,NNP
زیارت,NNP
کرشن,NNP
مغرب,NNP
جنوب,NNP
مشرق,NNP
کرشن,NNP
رامائن,NNP
زیارت,NNP
کوٹ,NNP
مغرب,NNP
ہندوستان,NNP
دہلی,NNP
ہندوستان,NNP
ہندوستان,NNP
بنگلہ,NNP
کشن,NNP
شاہ,NNP
خان,NNP
چینی,NNP
فارسی,NNP
خدا,NNP
اکبر,NNP
بھون,NNP
بھون,NNP
رامائن,NNP
بھون,NNP
جنت,NNP
برج,NNP
کوٹ,NNP
دہلی,NNP
کرشن,NNP
برج,NNP
مغرب,NNP
شمال,NNP
جنوب,NNP
مشرق,NNP
دسمبر,NNP
فروری,NNP
میلے,NNP
ہاکی,NNP
چین,NNP
ہندوستان,NNP
ہندوستان,NNP
کشمیر,NNP
دلی,NNP
راجستھان,NNP
ہندوستان,NNP
ہندوستان,NNP
ہندوستان,NNP
ہندوستان,NNP
بابر,NNP
ہندوستان,NNP
میلے,NNP
دہلی,NNP
ممبئی,NNP
ہندوستان,NNP
چین,NNP
حسن,NNP
ہندوستان,NNP
ہندوستان,NNP
راجستھان,NNP
عمر,NNP
راجستھان,NNP
راجستھان,NNP
راجستھان,NNP
جنوری,NNP
بہار,NNP
حسن,NNP
کنگ,NNP
ہندوستان,NNP
ٹیبل,NNP
ہندوستان,NNP
کلکتہ,NNP
شمال,NNP
ہند,NNP
راجستھان,NNP
جنوب,NNP
تامل,NNP
کشمیر,NNP
ہندوستان,NNP
کراس,NNP
کنٹری,NNP
کراس,NNP
کراس,NNP
ہندوستان,NNP
ہندوستان,NNP
چین,NNP
ہندوستان,NNP
ہندوستان,NNP
اپریل,NNP
نومبر,NNP
دسمبر,NNP
مارچ,NNP
کوٹ,NNP
بھون,NNP
رشی,NNP
فاؤنڈیشن,NNP
دہلی,NNP
ہاکی,NNP
ہندوستان,NNP
بابر,NNP
رشی,NNP
گنگا,NNP
بھارت,NNP
انگریزی,NNP
ہندوستان,NNP
کنگ,NNP
دھیان,NNP
گنگا,NNP
گنگا,NNP
گنگا,NNP
گنگا,NNP
فارسی,NNP
بیگم,NNP
بابر,NNP
شاہ,NNP
بیگم,NNP
فتح,NNP
اکبر,NNP
فتح,NNP
فتح,NNP
دہلی,NNP
ہندوستان,NNP
اکبر,NNP
دہلی,NNP
ہمایوں,NNP
جاہ,NNP
اکبر,NNP
جہانگیر,NNP
شاہ,NNP
اکبر,NNP
بنگال,NNP
خندق,NNP
جاہ,NNP
اکبر,NNP
جہانگیر,NNP
شاہ,NNP
بخش,NNP
اکبر,NNP
جہانگیر,NNP
اکبر,NNP
جہانگیر,NNP
اسلامی,NNP
فارسی,NNP
بیگم,NNP
ہندوستان,NNP
فتح,NNP
اکبر,NNP
فتح,NNP
اکبر,NNP
مغل,NNP
اعظم,NNP
اکبر,NNP
مرزا,NNP
بیگ,NNP
مرزا,NNP
فارس,NNP
اکبر,NNP
یوپی,NNP
شوکت,NNP
شاہ,NNP
بانو,NNP
بیگم,NNP
بیگم,NNP
بیگم,NNP
خاں,NNP
پاکستان,NNP
پاکستان,NNP
عمر,NNP
اکتوبر,NNP
فروری,NNP
پنجاب,NNP
خان,NNP
پاکستان,NNP
بنگلہ,NNP
عمر,NNP
پاکستان,NNP
پاکستان,NNP
بنگلہ,NNP
اکتوبر,NNP
فروری,NNP
پاکستان,NNP
بنگلہ,NNP
جگر,NNP
پاکستان,NNP
پنجاب,NNP
خان,NNP
خان,NNP
محمد,NNP
حسین,NNP
محمد,NNP
حسین,NNP
محمد,NNP
محمد,NNP
حسین,NNP
محمد,NNP
حسین,NNP
پاکستان,NNP
محمد,NNP
ستمبر,NNP
محمد,NNP
غلام,NNP
حسین,NNP
اسلام,NNP
عمر,NNP
عمر,NNP
پاکستان,NNP
پاکستان,NNP
پنجاب,NNP
احمد,NNP
احمد,NNP
احمد,NNP
احمد,NNP
6,NNP
احمد,NNP
پنجاب,NNP
احمد,NNP
احمد,NNP
احمد,NNP
پنجاب,NNP
پنجاب,NNP
احمد,NNP
احمد,NNP
احمد,NNP
احمد,NNP
شریف,NNP
احمد,NNP
احمد,NNP
احمد,NNP
احمد,NNP
احمد,NNP
شریف,NNP
احمد,NNP
خان,NNP
خان,NNP
لغاری,NNP
عبدالرشید,NNP
بلوچ,NNP
اکتوبر,NNP
سیالکوٹ,NNP
ملتان,NNP
لاہور,NNP
کراچی,NNP
ملتان,NNP
محمود,NNP
پنجاب,NNP
بہادر,NNP
بہادر,NNP
خان,NNP
عراق,NNP
افغانستان,NNP
ریاض,NNP
بخاری,NNP
رانا,NNP
احمد,NNP
اللہ,NNP
خان,NNP
خلیل,NNP
قریشی,NNP
محمود,NNP
خان,NNP
یوسف,NNP
اللہ,NNP
بخش,NNP
عبدالکریم,NNP
ابراہیم,NNP
راشد,NNP
نصر,NNP
اللہ,NNP
ناصر,NNP
ارشاد,NNP
النبی,NNP
خان,NNP
محمد,NNP
نواز,NNP
شاہد,NNP
میاں,NNP
اسحاق,NNP
فرید,NNP
عبدالحمید,NNP
ثناء,NNP
اللہ,NNP
احمد,NNP
خان,NNP
محمد,NNP
خان,NNP
لغاری,NNP
خواجہ,NNP
لیاقت,NNP
خان,NNP
بخش,NNP
خاں,NNP
غلام,NNP
عباس,NNP
خان,NNP
نواز,NNP
محمد,NNP
رمضان,NNP
قریشی,NNP
فیض,NNP
محمد,NNP
خاں,NNP
خاں,NNP
بشیر,NNP
احمد,NNP
بخش,NNP
زاہد,NNP
اقبال,NNP
نور,NNP
محمد,NNP
محمد,NNP
خاں,NNP
لغاری,NNP
چین,NNP
پاکستان,NNP
دسمبر,NNP
محمد,NNP
شیروانی,NNP
محمد,NNP
ولی,NNP
محمد,NNP
خلیل,NNP
احمد,NNP
خان,NNP
پنجاب,NNP
خان,NNP
پرویز,NNP
اقبال,NNP
خان,NNP
محمد,NNP
علی,NNP
قریشی,NNP
حفیظ,NNP
اللہ,NNP
محمد,NNP
شباب,NNP
محمد,NNP
اسماعیل,NNP
حسن,NNP
اقبال,NNP
حسین,NNP
عبدالکریم,NNP
قریشی,NNP
سعید,NNP
بلال,NNP
احمد,NNP
شیر,NNP
علی,NNP
خان,NNP
احمد,NNP
سیال,NNP
پنجاب,NNP
خان,NNP
محمد,NNP
محمد,NNP
انور,NNP
احمد,NNP
عبدالرشید,NNP
غفور,NNP
محمد,NNP
انور,NNP
بخش,NNP
عبدالرشید,NNP
خان,NNP
نومبر,NNP
ولی,NNP
اللہ,NNP
طارق,NNP
محمد,NNP
محمد,NNP
امین,NNP
اللہ,NNP
محمد,NNP
خان,NNP
شیروانی,NNP
محمد,NNP
اکبر,NNP
محمد,NNP
حسین,NNP
عبدالکریم,NNP
حبیب,NNP
خاں,NNP
شیروانی,NNP
عبدالخالق,NNP
منظور,NNP
احمد,NNP
زبیر,NNP
عدنان,NNP
قاسم,NNP
راشد,NNP
عبدالحفیظ,NNP
سومرو,NNP
پاکستان,NNP
عباس,NNP
امجد,NNP
ذوالفقار,NNP
ندیم,NNP
خلیل,NNP
اللہ,NNP
شاہ,NNP
نواز,NNP
خاں,NNP
منصور,NNP
اصغر,NNP
شاہین,NNP
منظور,NNP
احمد,NNP
ارشد,NNP
اسلم,NNP
فلسطین,NNP
کشمیر,NNP
عراق,NNP
افغانستان,NNP
القاعدہ,NNP
ضمیر,NNP
رمضان,NNP
امریکہ,NNP
القاعدہ,NNP
قرآن,NNP
امریکہ,NNP
امریکہ,NNP
برطانیہ,NNP
امریکہ,NNP
بہادر,NNP
القاعدہ,NNP
فلسطین,NNP
کشمیر,NNP
عراق,NNP
افغانستان,NNP
القاعدہ,NNP
عراق,NNP
افغانستان,NNP
کشمیر,NNP
فلسطین,NNP
عراق,NNP
ضمیر,NNP
القاعدہ,NNP
کشمیر,NNP
کشمیر,NNP
فلسطین,NNP
اسرائیل,NNP
اسرائیل,NNP
امریکہ,NNP
دارفور,NNP
امریکہ,NNP
کشمیر,NNP
فلسطین,NNP
فلسطین,NNP
کشمیر,NNP
عراق,NNP
افغانستان,NNP
برصغیر,NNP
ہند,NNP
عرب,NNP
یورپ,NNP
افریقہ,NNP
ہندوستان,NNP
ہندوستان,NNP
احمد,NNP
میرٹھ,NNP
کشمیر,NNP
امریکہ,NNP
ٹائم,NNP
بش,NNP
محمد,NNP
عراق,NNP
ایران,NNP
علامہ,NNP
اقبال,NNP
محمد,NNP
خان,NNP
پاکستان,NNP
پاکستان,NNP
14,NNP
اگست,NNP
پاکستان,NNP
فتح,NNP
پاکستان,NNP
امریکہ,NNP
پاکستان,NNP
امریکہ,NNP
امریکہ,NNP
پاکستان,NNP
کعبہ,NNP
پاکستان,NNP
بھارت,NNP
پرویز,NNP
مشرف,NNP
پاکستان,NNP
مشرف,NNP
پنجاب,NNP
پنجاب,NNP
بلوچستان,NNP
سندھ,NNP
پنجاب,NNP
پنجاب,NNP
لاہور,NNP
شیخوپورہ,NNP
فیصل,NNP
306,NNP
گوجرانوالہ,NNP
سیالکوٹ,NNP
اوکاڑہ,NNP
پنجاب,NNP
پنجاب,NNP
لاہور,NNP
فیصل,NNP
ملتان,NNP
راولپنڈی,NNP
پنجاب,NNP
پنجاب,NNP
326,NNP
ملتان,NNP
مئی,NNP
گوجرانوالہ,NNP
پیر,NNP
احمد,NNP
شاہ,NNP
اپریل,NNP
شیخوپورہ,NNP
نواز,NNP
گوجرانوالہ,NNP
عمر,NNP
فیصل,NNP
وحید,NNP
وحید,NNP
وحید,NNP
لاہور,NNP
سلمان,NNP
کوٹ,NNP
اسلام,NNP
لاہور,NNP
حسن,NNP
حسن,NNP
وحید,NNP
ظفر,NNP
ولی,NNP
اسلام,NNP
اسلام,NNP
خالد,NNP
رانجھا,NNP
اسلام,NNP
ممتاز,NNP
انا,NNP
وسیم,NNP
احمد,NNP
خان,NNP
اسلام,NNP
جہنم,NNP
پنجاب,NNP
سندھ,NNP
بلوچستان,NNP
اسلام,NNP
ولی,NNP
اسلام,NNP
ولی,NNP
ولی,NNP
ولی,NNP
اسلام,NNP
ولی,NNP
غلام,NNP
حسین,NNP
اسلام,NNP
عمر,NNP
لاہور,NNP
فاروق,NNP
شاہ,NNP
لاہور,NNP
شاہ,NNP
شاہدرہ,NNP
بھارت,NNP
پاکستان,NNP
پاکستان,NNP
لاہور,NNP
شاہدرہ,NNP
لاہور,NNP
لاہور,NNP
پاکستان,NNP
لاہور,NNP
برج,NNP
شاہ,NNP
لاہور,NNP
شاہدرہ,NNP
لاہور,NNP
لاہور,NNP
لاہور,NNP
شاہدرہ,NNP
فاروق,NNP
برج,NNP
پاکستان,NNP
پنجاب,NNP
سندھ,NNP
سندھ,NNP
پنجاب,NNP
سندھ,NNP
پنجاب,NNP
سندھ,NNP
پنجاب,NNP
سندھ,NNP
پنجاب,NNP
کوہاٹ,NNP
خان,NNP
بلوچستان,NNP
مکران,NNP
سندھ,NNP
بلوچستان,NNP
بلوچستان,NNP
بلوچستان,NNP
بلوچستان,NNP
بلوچستان,NNP
بلوچستان,NNP
پاکستان,NNP
پنجاب,NNP
سندھ,NNP
سندھ,NNP
سندھ,NNP
سندھ,NNP
پنجاب,NNP
سندھ,NNP
پاکستان,NNP
سندھ,NNP
پنجاب,NNP
سندھ,NNP
سندھ,NNP
سندھ,NNP
سندھ,NNP
سندھ,NNP
کراچی,NNP
سندھ,NNP
سندھ,NNP
سندھ,NNP
سندھ,NNP
سندھ,NNP
پنجاب,NNP
سندھ,NNP
سندھ,NNP
بلوچستان,NNP
پاکستان,NNP
بلوچستان,NNP
بلوچستان,NNP
سندھ,NNP
ٹیبل,NNP
ڈالر,NNP
پاکستان,NNP
مارچ,NNP
پاکستان,NNP
مارچ,NNP
اگست,NNP
اللہ,NNP
رب,NNP
برصغیر,NNP
اسلامیہ,NNP
برصغیر,NNP
ہند,NNP
پاکستان,NNP
برصغیر,NNP
پاکستان,NNP
پاکستان,NNP
قائداعظم,NNP
محمد,NNP
علی,NNP
جناح,NNP
پاکستان,NNP
ہند,NNP
پاکستان,NNP
قائداعظم,NNP
خواجہ,NNP
مولوی,NNP
غلام,NNP
محمد,NNP
پاکستان,NNP
خواجہ,NNP
مارچ,NNP
پاکستان,NNP
اللہ,NNP
مئی,NNP
احمد,NNP
29,NNP
فروری,NNP
پاکستان,NNP
23,NNP
مارچ,NNP
پاکستان,NNP
پاکستان,NNP
پاکستان,NNP
پاکستان,NNP
پاکستان,NNP
اردو,NNP
سکندر,NNP
مرزا,NNP
8,NNP
اکتوبر,NNP
1958,NNP
محمد,NNP
ایوب,NNP
خان,NNP
17,NNP
فروری,NNP
شہاب,NNP
مئی,NNP
1961,NNP
مارچ,NNP
پاکستان,NNP
مارچ,NNP
ایوب,NNP
خان,NNP
نومبر,NNP
ایوب,NNP
ایوب,NNP
خان,NNP
خان,NNP
محمد,NNP
خان,NNP
7,NNP
دسمبر,NNP
17,NNP
دسمبر,NNP
پاکستان,NNP
ذوالفقار,NNP
علی,NNP
بھٹو,NNP
پاکستان,NNP
پاکستان,NNP
23,NNP
مارچ,NNP
پاکستان,NNP
بنگلہ,NNP
مارچ,NNP
پاکستان,NNP
بھارت,NNP
23,NNP
نومبر,NNP
1971,NNP
پاکستان,NNP
دسمبر,NNP
1971,NNP
پاکستان,NNP
دسمبر,NNP
پاکستان,NNP
دسمبر,NNP
بھارت,NNP
پاکستان,NNP
پاکستان,NNP
بنگلہ,NNP
دسمبر,NNP
خان,NNP
ذوالفقار,NNP
علی,NNP
بھٹو,NNP
بھٹو,NNP
پاکستان,NNP
14,NNP
اپریل,NNP
1972,NNP
21,NNP
اپریل,NNP
ذوالفقار,NNP
علی,NNP
بھٹو,NNP
21,NNP
اپریل,NNP
1972,NNP
اللہ,NNP
اسلامیات,NNP
پاکستان,NNP
اپریل,NNP
محمود,NNP
علی,NNP
پیرزادہ,NNP
20,NNP
دسمبر,NNP
1972,NNP
پاکستان,NNP
2,NNP
فروری,NNP
1973,NNP
اپریل,NNP
1973,NNP
اپریل,NNP
1973,NNP
14,NNP
اگست,NNP
1973,NNP
20,NNP
دسمبر,NNP
اپریل,NNP
مارچ,NNP
1949,NNP
19,NNP
دسمبر,NNP
1971,NNP
قرآن,NNP
اردو,NNP
ظفر,NNP
علی,NNP
شاہ,NNP
کشمیر,NNP
پاکستان,NNP
بھارت,NNP
پرویز,NNP
مشرف,NNP
کشمیر,NNP
سنگھ,NNP
کشمیر,NNP
جموں,NNP
کشمیر,NNP
بھارت,NNP
کشمیر,NNP
بھارت,NNP
پرویز,NNP
مشرف,NNP
سنگھ,NNP
پرویز,NNP
مشرف,NNP
پرویز,NNP
مشرف,NNP
کشمیر,NNP
ظفر,NNP
علی,NNP
شاہ,NNP
کشمیر,NNP
کشمیر,NNP
پاکستان,NNP
کشمیر,NNP
بھارت,NNP
کشمیر,NNP
کشمیر,NNP
پاکستان,NNP
پاکستان,NNP
کشمیر,NNP
کشمیریوں,NNP
کشمیریوں,NNP
قائداعظم,NNP
یوسف,NNP
احمد,NNP
پنجاب,NNP
پاکستان,NNP
لیاقت,NNP
بلوچ,NNP
راؤ,NNP
محمد,NNP
حلف,NNP
پنجاب,NNP
پنجاب,NNP
وسیم,NNP
اختر,NNP
ملتان,NNP
ظفر,NNP
اقبال,NNP
راؤ,NNP
محمد,NNP
حلف,NNP
پاکستان,NNP
یوسف,NNP
جاوید,NNP
ہاشمی,NNP
یوسف,NNP
پاکستان,NNP
مخدوم,NNP
شاہ,NNP
محمود,NNP
قریشی,NNP
میر,NNP
جعفری,NNP
پاکستان,NNP
بل,NNP
بل,NNP
مغرب,NNP
بل,NNP
پرویز,NNP
مشرف,NNP
حامد,NNP
حامد,NNP
قریشی,NNP
شوکت,NNP
عزیز,NNP
پاکستان,NNP
اللہ,NNP
ستمبر,NNP
امریکہ,NNP
القاعدہ,NNP
عظیم,NNP
بش,NNP
افغانستان,NNP
عراق,NNP
اسرائیل,NNP
جولائی,NNP
صدام,NNP
حسین,NNP
اگست,NNP
ستمبر,NNP
مشرق,NNP
امریکہ,NNP
عراق,NNP
برطانیہ,NNP
امریکہ,NNP
فرانس,NNP
اٹلی,NNP
امریکہ,NNP
اسلام,NNP
امریکہ,NNP
بش,NNP
مشرق,NNP
عراق,NNP
مشرق,NNP
امریکہ,NNP
بش,NNP
مشرق,NNP
افغانستان,NNP
عراق,NNP
عراق,NNP
امریکہ,NNP
امریکہ,NNP
امریکہ,NNP
ستمبر,NNP
بش,NNP
کانگریس,NNP
ڈالر,NNP
ڈالر,NNP
ڈالر,NNP
مئی,NNP
جارج,NNP
بش,NNP
ستمبر,NNP
افغانستان,NNP
عراق,NNP
عراق,NNP
امریکہ,NNP
افغانستان,NNP
عراق,NNP
عراق,NNP
القاعدہ,NNP
عراق,NNP
پاکستان,NNP
ستمبر,NNP
عراق,NNP
امریکہ,NNP
صدام,NNP
حسین,NNP
عراق,NNP
جارج,NNP
ٹینٹ,NNP
جارج,NNP
ٹینٹ,NNP
جارج,NNP
بش,NNP
جون,NNP
جارج,NNP
ٹینٹ,NNP
عراق,NNP
ستمبر,NNP
2001,NNP
القاعدہ,NNP
جولائی,NNP
ٹینٹ,NNP
بش,NNP
عراق,NNP
جارج,NNP
ٹینٹ,NNP
جارج,NNP
بش,NNP
بش,NNP
جارج,NNP
ٹینٹ,NNP
پیٹر,NNP
کانگریس,NNP
امریکہ,NNP
اسرائیل,NNP
عرفات,NNP
اسلام,NNP
امریکہ,NNP
عراق,NNP
عراق,NNP
امریکہ,NNP
عراق,NNP
امریکہ,NNP
عراق,NNP
ٹونی,NNP
نومبر,NNP
2004,NNP
ٹونی,NNP
عراق,NNP
بش,NNP
اسرائیل,NNP
بش,NNP
غلام,NNP
لغاری,NNP
محمود,NNP
غلام,NNP
فیض,NNP
قریشی,NNP
خالد,NNP
اعجاز,NNP
رسول,NNP
پنجاب,NNP
غلام,NNP
کوٹ,NNP
غلام,NNP
غلام,NNP
کوٹ,NNP
غلام,NNP
غلام,NNP
محمد,NNP
غلام,NNP
محمد,NNP
کوٹ,NNP
غلام,NNP
کوٹ,NNP
مخدوم,NNP
عبداللہ,NNP
شاہ,NNP
علی,NNP
شاہ,NNP
فیض,NNP
کریم,NNP
قریشی,NNP
غلام,NNP
محمد,NNP
غلام,NNP
عباس,NNP
قریشی,NNP
ضمیر,NNP
احمد,NNP
خان,NNP
خان,NNP
محمد,NNP
کیپٹن,NNP
خالد,NNP
احمد,NNP
رانا,NNP
محبوب,NNP
اختر,NNP
پھیکا,NNP
کوٹ,NNP
پاکستان,NNP
سندھ,NNP
بلوچستان,NNP
پاکستان,NNP
نوشہرہ,NNP
حصار,NNP
پرویز,NNP
مشرف,NNP
میمن,NNP
فروری,NNP
2005,NNP
سندھ,NNP
بھارت,NNP
بھارت,NNP
ایوب,NNP
بھارت,NNP
بھارت,NNP
بھارت,NNP
پاکستان,NNP
ڈالر,NNP
سی,NNP
سی,NNP
پاکستان,NNP
واپڈا,NNP
واپڈا,NNP
بھارت,NNP
ایوب,NNP
بھارت,NNP
کشمیر,NNP
پاکستان,NNP
واپڈا,NNP
واپڈا,NNP
واپڈا,NNP
پشاور,NNP
پشاور,NNP
سندھ,NNP
بلوچستان,NNP
واپڈا,NNP
پنجاب,NNP
اسلام,NNP
پاکستان,NNP
پنجاب,NNP
واپڈا,NNP
پاکستان,NNP
پنجاب,NNP
سندھ,NNP
پنجاب,NNP
پنجاب,NNP
سندھ,NNP
واپڈا,NNP
پنجاب,NNP
قراقرم,NNP
پاکستان,NNP
بھارت,NNP
مصر,NNP
مصر,NNP
پاکستان,NNP
پاکستان,NNP
سندھ,NNP
بھارت,NNP
ہندوستان,NNP
راجستھان,NNP
سنگھ,NNP
سنگھ,NNP
میر,NNP
ہندوستان,NNP
سنگھ,NNP
اکتوبر,NNP
مارچ,NNP
راجستھان,NNP
ہندوستان,NNP
راجستھان,NNP
ہندوستان,NNP
ہندوستان,NNP
عیسیٰ,NNP
نہرو,NNP
نہرو,NNP
اکتوبر,NNP
نومبر,NNP
فروری,NNP
مارچ,NNP
اکتوبر,NNP
نومبر,NNP
فروری,NNP
مارچ,NNP
راجستھان,NNP
جودھپور,NNP
نیاز,NNP
راجستھان,NNP
جودھپور,NNP
نیاز,NNP
راجستھان,NNP
راجستھان,NNP
جودھپور,NNP
ہندوستان,NNP
سنگھ,NNP
بھون,NNP
اکتوبر,NNP
اکتوبر,NNP
مارچ,NNP
دہلی,NNP
ممبئی,NNP
اکتوبر,NNP
فروری,NNP
راجستھان,NNP
شاہ,NNP
ساگر,NNP
ساگر,NNP
راجستھان,NNP
جنوب,NNP
شاہ,NNP
فتح,NNP
کرن,NNP
سنگھ,NNP
مئی,NNP
فتح,NNP
اپریل,NNP
راجستھان,NNP
ستمبر,NNP
مارچ,NNP
راجستھان,NNP
راجستھان,NNP
راجستھان,NNP
گنگا,NNP
سنگھ,NNP
شمال,NNP
راجستھان,NNP
سنسکرت,NNP
گنگا,NNP
جنوری,NNP
راجستھان,NNP
اکتوبر,NNP
مارچ,NNP
راجستھان,NNP
جنوب,NNP
جنوب,NNP
بہار,NNP
جنوب,NNP
سیل,NNP
اعظم,NNP
اعظم,NNP
امریکہ,NNP
امریکہ,NNP
اعظم,NNP
میلے,NNP
عمر,NNP
کوپا,NNP
افریقہ,NNP
یورپ,NNP
امریکہ,NNP
اسپین,NNP
فتح,NNP
پیٹر,NNP
اکتوبر,NNP
لندن,NNP
اسپین,NNP
شمال,NNP
امریکہ,NNP
امریکہ,NNP
مئی,NNP
فتح,NNP
کیری,NNP
فتح,NNP
اسپین,NNP
فتح,NNP
امریکہ,NNP
امریکہ,NNP
شمال,NNP
جنوب,NNP
شمال,NNP
مشرق,NNP
جزائر,NNP
برطانیہ,NNP
امریکہ,NNP
اسپین,NNP
برطانیہ,NNP
جون,NNP
اسپین,NNP
برطانیہ,NNP
ہالینڈ,NNP
فرانس,NNP
پیرس,NNP
امریکہ,NNP
اسپین,NNP
انڈیا,NNP
برطانیہ,NNP
فرانس,NNP
برطانیہ,NNP
ہندوستان,NNP
امریکہ,NNP
یورپ,NNP
برطانیہ,NNP
چین,NNP
جارج,NNP
شوکت,NNP
جنوب,NNP
امریکہ,NNP
امریکہ,NNP
اعظم,NNP
اسپین,NNP
اسپین,NNP
اسپین,NNP
امریکہ,NNP
اسپین,NNP
دسمبر,NNP
فتح,NNP
جنوب,NNP
راؤ,NNP
اعظم,NNP
امریکہ,NNP
اعظم,NNP
اسپین,NNP
مختار,NNP
جنوب,NNP
امریکہ,NNP
اسپین,NNP
یورپ,NNP
اسپین,NNP
اسپین,NNP
فتح,NNP
برطانیہ,NNP
فرانس,NNP
ڈالر,NNP
اسپین,NNP
اسپین,NNP
اسپین,NNP
مختار,NNP
فتح,NNP
عیسیٰ,NNP
مایا,NNP
کوٹ,NNP
امریکہ,NNP
کنگ,NNP
امریکہ,NNP
امریکہ,NNP
اعظم,NNP
جنت,NNP
کشمیر,NNP
اپریل,NNP
اکتوبر,NNP
کشمیر,NNP
سندھ,NNP
ممبئی,NNP
ہندوستان,NNP
چین,NNP
ہندوستان,NNP
جودھپور,NNP
راجستھان,NNP
ہندوستان,NNP
ہندوستان,NNP
انڈیا,NNP
ڈلہوزی,NNP
شاہ,NNP
چندر,NNP
رشی,NNP
رشی,NNP
ساگر,NNP
دہلی,NNP
ممبئی,NNP
گرما,NNP
ہندوستان,NNP
جنت,NNP
بہار,NNP
اعظم,NNP
اعظم,NNP
ہند,NNP
راجستھان,NNP
دارالعلوم‌شہابیہ,NNP
محمدعلی‌کاندھلویؒ,NNP
سیالکوٹ,NNP
دارالعلوم‌شہابیہ,NNP
خدائےذوالجلال,NNP
دارالعلوم‌شہابیہ,NNP
امین‌اللہ,NNP
وثیر,NNP
اسلام,NNP
بھارت,NNP
یورپ,NNP
امریکا,NNP
بشیرموجد,NNP
رنگ‌نیرنگ,NNP
رنگ‌نیرنگ,NNP
موجد,NNP
قرآن‌کریم,NNP
احمدندیم‌قاسمی,NNP
احسان‌دانش,NNP
عارف‌عبدالمتین,NNP
مشکورحسین‌یاد,NNP
انورسدید,NNP
محمدطفیل,NNP
ظہیرکاشمیری,NNP
حبیب‌جالب,NNP
حمایت‌علی,NNP
ایم‌اطہرطاہر,NNP
موجد,NNP
مغرب,NNP
محمدسعید,NNP
پاکستان,NNP
اللہ‌تعالیٰ,NNP
ہمدرد,NNP
اردو,NNP
قاسم,NNP
محمود,NNP
فلکیات,NNP
ہمدرد,NNP
انگریزی,NNP
اللہ‌تعالیٰ,NNP
ملتِ‌اسلامیہ,NNP
محمد,NNP
عیسیٰ,NNP
منصوری,NNP
برصغیر,NNP
اللہ‌تعالیٰ,NNP
محمد,NNP
عیسیٰ,NNP
لندن,NNP
مغرب,NNP
پاکستان,NNP
زاہدالراشدی,NNP
محمد,NNP
عیسیٰ,NNP
مغرب,NNP
‌اسلام,NNP
ندوۃالمعارف,NNP
اُردو,NNP
لاہور,NNP
امریکہ,NNP
مغرب,NNP
خدا,NNP
ضمیر,NNP
جعفری,NNP
مختار,NNP
زمن,NNP
گفتنی‌ناگفتنی,NNP
مختار,NNP
زمن,NNP
گفتنی‌ناگفتنی,NNP
کرکٹ,NNP
نذر,NNP
محمد,NNP
مختار,NNP
زمن,NNP
اردو,NNP
چراغ,NNP
حسن,NNP
حسرت,NNP
ابوالکلام,NNP
مختار,NNP
زمن,NNP
اردو,NNP
اردو,NNP
انگریزی,NNP
مختار,NNP
زمن,NNP
انگریزی,NNP
اردو,NNP
مختار,NNP
زمن,NNP
ابن‌انشاء,NNP
انگریزی,NNP
اردو,NNP
اردو,NNP
ہندوستان,NNP
خان,NNP
بہادر,NNP
بہادر,NNP
اسلام,NNP
نورِمبین,NNP
اسلام,NNP
اسلام,NNP
اسلام‌آباد,NNP
اسلام,NNP
اسلام,NNP
انگریزی,NNP
ڈسکہ,NNP
ڈسکہ,NNP
ڈسکہ,NNP
اقبال,NNP
مشرق,NNP
پاکستان,NNP
ڈسکہ,NNP
لغاتِ‌فیروزی,NNP
لاہور,NNP
ڈسکہ,NNP
ڈسکہ,NNP
سرسید,NNP
بشیر,NNP
آذری,NNP
شفقت,NNP
چیمہ,NNP
اردو,NNP
پنجابی,NNP
فارسی,NNP
عربی,NNP
قذیٰ,NNP
عسکری,NNP
حضوراکرمؐ,NNP
ﷲ,NNP
رسولؐ,NNP
قرآن‌مجید,NNP
امین,NNP
احسن,NNP
اصلاحیؒ,NNP
پنجاب,NNP
ایم‌ایس‌سی,NNP
کنگزکالج,NNP
لندن,NNP
کیمیکل‌انجینئرنگ,NNP
اصلاحیؒ,NNP
قرآن,NNP
زاہد,NNP
منیر,NNP
عامر,NNP
قرآن,NNP
پنجاب,NNP
قرآن‌کریم,NNP
رسالت‌مآبؐ,NNP
آفتاب,NNP
جمیلہ,NNP
شوکت,NNP
جمیلہ,NNP
شوکت,NNP
عمرؓ,NNP
قرآن,NNP
زاہد,NNP
منیر,NNP
عامر,NNP
ہمایوں,NNP
ساقی,NNP
ادبِ‌‌لطیف,NNP
انیس‌الرحمن,NNP
لاہور,NNP
منٹو,NNP
سورج,NNP
منٹو,NNP
ہندوستان,NNP
بنگلہ,NNP
تامل,NNP
تیلکو,NNP
پنجابی,NNP
سندھی,NNP
کنٹری,NNP
ملیالم,NNP
اردو,NNP
فارسی,NNP
ترکی,NNP
عربی,NNP
اردو,NNP
قرآن,NNP
اردو,NNP
سنسکرت,NNP
عربی,NNP
فارسی,NNP
قرآن,NNP
قرآن,NNP
عربی,NNP
محمد,NNP
اسحق,NNP
جلالپوری,NNP
ﷲتعالیٰ,NNP
آصف,NNP
محمود,NNP
جاہ,NNP
ملتان,NNP
فیصل‌آباد,NNP
لاہور,NNP
ﷲ,NNP
رب‌کائنات,NNP
آصف,NNP
جاہ,NNP
ایوب,NNP
ندیم,NNP
طارق,NNP
اسماعیل,NNP
ساگر,NNP
‌القرآن,NNP
فتح,NNP
محمد,NNP
جالندھری,NNP
صابر,NNP
قرنی,NNP
میٹروپرنٹر,NNP
تعلیم‌القرآن,NNP
منصورہ,NNP
ملتان,NNP
لاہور,NNP
اقبال,NNP
قرآن,NNP
قرآن,NNP
قرآن,NNP
قرآن,NNP
فتح,NNP
محمد,NNP
جالندھری,NNP
قرآن,NNP
رسولﷺ,NNP
صحنِ‌حرم,NNP
خدا,NNP
رسول,NNP
یونس,NNP
بصیر,NNP
اللہ,NNP
محمدﷺ,NNP
سومنات,NNP
کعبہ,NNP
بیت‌اللہ,NNP
طوافِ‌کعبہ,NNP
صفا,NNP
مروہ,NNP
مکہ‌مکرمہ,NNP
عبداللہ,NNP
زبیرؓ,NNP
منیٰ,NNP
عرفات,NNP
مزدلفہ,NNP
عرفات,NNP
مکہ‌مکرمہ,NNP
مدینہ‌منورہ,NNP
روضۂرسولؐ,NNP
ابوبکر,NNP
صدیقؓ,NNP
عمر,NNP
فاروقؓ,NNP
جنت‌البقیع,NNP
اُحد,NNP
خندق,NNP
قبا,NNP
قبلتین,NNP
الٰہی,NNP
خداوندی,NNP
حج,NNP
یونس,NNP
بصیر,NNP
قرآن,NNP
قربان,NNP
قربان,NNP
خدا,NNP
قربان,NNP
بارالہا,NNP
محبوبؐ,NNP
شمر,NNP
ذوالجشن,NNP
فرات,NNP
امامؓ,NNP
سورہ‌الناس,NNP
واپڈا,NNP
نومبر,NNP
جودھ‌پور,NNP
بمبئی,NNP
پھلیل,NNP
سنگھ,NNP
پھلیل,NNP
سنگھ,NNP
پھلیل,NNP
سنگھ,NNP
پھلیل,NNP
سنگھ,NNP
افتخار,NNP
برونی,NNP
برونی,NNP
برونی,NNP
برونی,NNP
برونی,NNP
افتخار,NNP
افتخار,NNP
افتخار,NNP
فیضان,NNP
فاخرہ,NNP
فاخرہ,NNP
فاخرہ,NNP
بنارس,NNP
ریحانی,NNP
صوفی,NNP
ریحانی,NNP
صوفی,NNP
صوفی,NNP
صوفی,NNP
صوفی,NNP
ریحانی,NNP
صوفی,NNP
علی‌گڑھ,NNP
نازنین,NNP
آفرین,NNP
آمنہ,NNP
آمنہ,NNP
لندن,NNP
آمنہ,NNP
آمنہ,NNP
عائشہ,NNP
شباب,NNP
گریوز,NNP
گریوز,NNP
گریوز,NNP
ﷲ,NNP
مری,NNP
فضلو,NNP
فضلو,NNP
فضلو,NNP
دلاری,NNP
دلاری,NNP
دلاری,NNP
دلاری,NNP
سُگاّں,NNP
سُگاّں,NNP
جواہرلال‌نہرو,NNP
ایف‌ایس‌سی,NNP
محمد,NNP
اکرم,NNP
عبدالحکیم,NNP
بلوچستان,NNP
ستمبر,NNP
محمد,NNP
اکرم,NNP
ڈھاکہ,NNP
خدا,NNP
ﷲ,NNP
خدیجہ,NNP
اسلام‌آباد,NNP
اسلام‌آباد,NNP
قرول‌باغ,NNP
دلی,NNP
خدیجہ,NNP
علن,NNP
مہینوال,NNP
مورکھی,NNP
مہینوال,NNP
مورکھی,NNP
مورکھی,NNP
مورکھی,NNP
خدا,NNP
مورکھی,NNP
عشاء,NNP
مہینوال,NNP
امین,NNP
ایم‌بی‌اے,NNP
امین,NNP
امین,NNP
امین,NNP
امین,NNP
امین,NNP
امین,NNP
امین,NNP
ستمبر,NNP
اردو,NNP
ﷲ,NNP
دسمبر,NNP
عبدالخالق,NNP
شرق‌پور,NNP
ﷲ,NNP
ﷲ,NNP
لاہور,NNP
ظہور,NNP
کلکتہ,NNP
ظہور,NNP
ظہور,NNP
ظہور,NNP
ظہور,NNP
ﷲ,NNP
شہلا,NNP
نادیہ,NNP
کرکٹ,NNP
نوحؑ,NNP
جورا,NNP
اچھو,NNP
جیلو,NNP
آمو,NNP
رانو,NNP
پھیکا,NNP
پا,NNP
کاکا,NNP
اردو,NNP
اللہ‌تعالیٰ,NNP
تھانویؒ,NNP
تھانویؒ,NNP
بھون,NNP
حضرتؒ,NNP
پی‌پاڑ,NNP
پی‌پاڑ,NNP
جودھپور,NNP
دہلی,NNP
جودھپور,NNP
پی‌پاڑ,NNP
جودھپور,NNP
حضرتؒ,NNP
مناجات‌مقبول,NNP
اردو,NNP
عبدالکریم,NNP
قلات,NNP
بی‌ایم‌کٹی,NNP
کیرالہ,NNP
غلام,NNP
محمد,NNP
ہاشمی,NNP
میانوالی,NNP
اردو,NNP
فروری,NNP
انگریزی,NNP
بی‌ایم‌کٹی,NNP
کیپٹن,NNP
کٹی,NNP
کیرالہ,NNP
پاکستان,NNP
فروری,NNP
جنوری,NNP
ﷲ‌تعالیٰ,NNP
محمد,NNP
سلیم,NNP
احمد,NNP
رانجھا,NNP
راحیلہ,NNP
راحیلہ,NNP
پیتھوجینک,NNP
خان,NNP
پیتھوجینک,NNP
خدا,NNP
دبئی,NNP
لاہور,NNP
لاہور,NNP
اوکلاہاما,NNP
لاٹن,NNP
امریکا,NNP
کوریا,NNP
کوریا,NNP
سویانگ,NNP
سونی,NNP
سونی,NNP
سونی,NNP
سونی,NNP
سنی,NNP
سونی,NNP
سونی,NNP
ویت‌نام,NNP
کاراس,NNP
نک‌کارٹر,NNP
پیڈرو,NNP
پارکنسن,NNP
اسٹیکر,NNP
سٹیکن,NNP
پاٹ,NNP
پارکنسن,NNP
اسٹیکر,NNP
پارکنسن,NNP
اسٹیکر,NNP
جنگِ‌عظیم,NNP
چیکوسلواکیہ,NNP
ہٹلر,NNP
چیکوسلواکیہ,NNP
ہٹلر,NNP
ہٹلر,NNP
فرانس,NNP
رینبارڈ,NNP
ہائیڈرچ,NNP
چیکوسلواکیہ,NNP
پراگ,NNP
ہٹلر,NNP
ہائیڈرچ,NNP
نومبر,NNP
ترکستان,NNP
مشرق,NNP
سلیمان,NNP
سلیمان,NNP
سیلی,NNP
رافیل,NNP
سیلی,NNP
سیلی,NNP
سیلی,NNP
جیمز,NNP
اینڈریو,NNP
انگلستان,NNP
ویلز,NNP
کارڈ,NNP
وکٹوریہ,NNP
لندن,NNP
کارڈوک,NNP
مورس,NNP
مورس,NNP
سام,NNP
بریڈلے,NNP
سام,NNP
سام,NNP
ایلن,NNP
من‌فراہ‌آع,NNP
فرعون,NNP
ربِ‌مصر,NNP
فرعون,NNP
من‌فرامن‌آع,NNP
فرعونِ‌عظیم,NNP
من‌فراہ‌آع,NNP
آئی‌سس,NNP
ہورس,NNP
کتابِ‌مردگان,NNP
من‌فراہ‌آع,NNP
قراطاس,NNP
پولینڈ,NNP
وارسا,NNP
مانیا,NNP
اسکلودووسکا,NNP
مانیا,NNP
مانیا,NNP
مانیا,NNP
پولینڈ,NNP
پیرس,NNP
سوربون,NNP
طبیعات,NNP
کارماڈی,NNP
جمیکا,NNP
جمیکا,NNP
کارماڈی,NNP
شیپرڈ,NNP
جارگی,NNP
کارماڈی,NNP
کارماڈی,NNP
طولکرم,NNP
فلسطین,NNP
فرعون,NNP
داؤدؑ,NNP
جالوت,NNP
ﷲ‌تعالیٰ,NNP
چیرویاکوف,NNP
پریزژالوف,NNP
خدا,NNP
اوپیرا,NNP
چیرویاکوف,NNP
بریزژالوف,NNP
بریزژالوف,NNP
چیرویاکوف,NNP
گوتم,NNP
ﷲ,NNP
افغانستان,NNP
عمر,NNP
فاروقؓ,NNP
گوتم,NNP
بدھ,NNP
امریکہ,NNP
رابرٹ,NNP
فسک,NNP
صدام,NNP
امریکہ,NNP
سیستان,NNP
خلف,NNP
احمد,NNP
خدا,NNP
خلف,NNP
احمد,NNP
حلف,NNP
احمد,NNP
بلبن,NNP
ملوک,NNP
اعظم,NNP
نظام‌الدین,NNP
شالک,NNP
ملتان,NNP
نور,NNP
برن,NNP
کیقباد,NNP
نظام‌الدین,NNP
نظام‌الدین,NNP
ملک‌الامرا,NNP
فخرالدین,NNP
نظام‌الدین,NNP
مالیخولیا,NNP
کیقباد,NNP
نظام‌الدین,NNP
کیقباد,NNP
خدا,NNP
نظام‌الدین,NNP
ملک‌الامراء,NNP
بغراخاں,NNP
کیقباد,NNP
افریقہ,NNP
افریقہ,NNP
افریقہ,NNP
افریقہ,NNP
افریقہ,NNP
چاہ‌میراں,NNP
تیجا,NNP
سنگھ,NNP
پاکستان,NNP
ستمبر,NNP
سندھانوالیہ,NNP
شیر,NNP
سنگھ,NNP
شیر,NNP
سنگھ,NNP
سندھیانوالیہ,NNP
انگلستان,NNP
لاہور,NNP
شیر,NNP
سنگھ,NNP
اجیت,NNP
سنگھ,NNP
سندھانوالیہ,NNP
پرتاب,NNP
سنگھ,NNP
سندھانوالیہ,NNP
دھیان,NNP
سنگھ,NNP
قرطبہ,NNP
القیصریہ,NNP
المریہ,NNP
مالقہ,NNP
غرناطہ,NNP
طلیطلہ,NNP
قرطبہ,NNP
حوقل,NNP
اندلس,NNP
یورپ,NNP
مشرق,NNP
اندلس,NNP
ہسپانوی,NNP
غزنوی,NNP
غزنوی,NNP
اسلامی,NNP
ہند,NNP
محمد,NNP
قاسم,NNP
محمود,NNP
غزنوی,NNP
ملتان,NNP
منصورہ,NNP
لاہور,NNP
ایشیا,NNP
لاہور,NNP
غزنی,NNP
التمش,NNP
محمد,NNP
اکرام,NNP
آب‌کوثر,NNP
چنگیز,NNP
خاں,NNP
اسلام,NNP
دہلی,NNP
التتمش,NNP
نظام‌الملک,NNP
جنیدی,NNP
ہند,NNP
المسعودی,NNP
ایران,NNP
بہرام,NNP
موبذان,NNP
بہرام,NNP
بہرام,NNP
موبذان,NNP
بہرام,NNP
موبذان,NNP
بہرام,NNP
برسلز,NNP
بیلجیم,NNP
بیلگائے,NNP
بیلجیم,NNP
ہالینڈ,NNP
فرانس,NNP
جرمنی,NNP
بیلجیم,NNP
جرمنی,NNP
بلجیم,NNP
البرٹ,NNP
پاؤلا,NNP
اٹلی,NNP
بیلجیم,NNP
یورپ,NNP
بیلجیم,NNP
چیزی,NNP
فرانس,NNP
چیزی,NNP
مسلز,NNP
مئی,NNP
جون,NNP
جولائی,NNP
اگست,NNP
چیزی,NNP
انگلستان,NNP
انگلستان,NNP
مورلے,NNP
لندن,NNP
لندن,NNP
بمبئی,NNP
سر,NNP
چارلس,NNP
اولیونٹ,NNP
سر,NNP
چارلس,NNP
انگلستان,NNP
اورینٹ,NNP
خدا,NNP
رولٹ,NNP
بل,NNP
دریائےجہلم,NNP
ہاتھی‌ونڈ,NNP
آہلی,NNP
گوجر,NNP
دریائےچناب‌,NNP
تخت‌ہزارہ,NNP
گھنو,NNP
خان,NNP
گوندل,NNP
شمال,NNP
دریائےجہلم,NNP
گوندل‌بار,NNP
دریائےچناب,NNP
چنیوٹ,NNP
پھالیہ,NNP
رجھیکی,NNP
گوندل,NNP
کڑانہ‌بار,NNP
دوآبہ,NNP
من‌وسلویٰ,NNP
گوندل‌بار,NNP
کنارِچناب,NNP
جنت,NNP
ابن‌بطوطہ,NNP
ثمود,NNP
ثمود,NNP
قومِ‌عاد,NNP
حضرموت,NNP
ثمود,NNP
عاد,NNP
عاد,NNP
یمن,NNP
حضرموت,NNP
قومِ‌عاد,NNP
مدائن,NNP
صالح,NNP
صالحؑ,NNP
خدا,NNP
عاد,NNP
ثمود,NNP
مدائن‌صالح,NNP
ثمود,NNP
ابراہیمؑ,NNP
ثمود,NNP
آرامیؔ,NNP
عیسٰیؑ,NNP
موسیٰؑ,NNP
اندلس,NNP
عبدالرحمن‌الداخل,NNP
بنوامیہ,NNP
عبدالرحمن,NNP
دمشق,NNP
عبدالرحمن,NNP
عبدالرحمن,NNP
عبدالرحمن,NNP
بنوامیہ,NNP
منڈی‌بہاؤالدین,NNP
ملک‌وال,NNP
منڈی‌بہاؤالدین,NNP
ملک‌وال,NNP
کوہ‌نور,NNP
ٹاورآف‌لندن,NNP
آکسفورڈ,NNP
جنت,NNP
کراچی,NNP
زیب‌النسا,NNP
مہروز,NNP
مارک,NNP
اسپینسر,NNP
لندن,NNP
علامہؒ,NNP
عطا,NNP
محمد,NNP
عطا,NNP
محمد,NNP
اقبالؒ,NNP
نواب,NNP
حبیب‌الرحمن,NNP
خان,NNP
شیروانی,NNP
تقی,NNP
تقی,NNP
تقی,NNP
آج,NNP
مقام,NNP
کوٹ,NNP
خدا,NNP
سنڈیمن,NNP
مقام,NNP
کوٹ,NNP
کوئٹہ,NNP
شملہ,NNP
خدا,NNP
کوئٹہ,NNP
کوئٹہ,NNP
سنڈیمن,NNP
ﷲ,NNP
خدا,NNP
شیطان,NNP
حصار,NNP
پنجاب,NNP
جاکھل,NNP
جاکھل,NNP
دہلی,NNP
لاہور,NNP
بھٹنڈہ,NNP
پٹیالہ,NNP
جاکھل,NNP
جاکھل,NNP
جاکھل,NNP
ٹوہانہ,NNP
ٹوہانہ,NNP
لوہانی,NNP
جون,NNP
جون,NNP
پشاور,NNP
پنجاب,NNP
سر,NNP
جان,NNP
لارنس,NNP
خدا,NNP
نہرو,NNP
یوپی,NNP
سرتیج,NNP
بہادر,NNP
سپرو,NNP
تارا‌,NNP
چند,NNP
اردو,NNP
ہندی,NNP
اصغر,NNP
گونڈوی,NNP
جگر,NNP
مرادآبادی,NNP
دھریندر,NNP
ورما,NNP
سلمان,NNP
ندوی,NNP
سورج,NNP
میرٹھ,NNP
بنگال,NNP
سورج,NNP
بارک‌پور,NNP
میرٹھ,NNP
بریلی,NNP
لکھنؤ,NNP
بنگال,NNP
حیدرآباد,NNP
مدراس,NNP
مالی‌گاؤں,NNP
پنجاب,NNP
بنگال,NNP
بنگال,NNP
وزیگاپٹم,NNP
حیدرآباد,NNP
دکن,NNP
نندی‌درگ,NNP
پالیم‌کوٹا,NNP
ویلور,NNP
مدراس,NNP
والا,NNP
جاہ‌آباد,NNP
مدراس,NNP
بارک‌پور,NNP
کلکتہ,NNP
اسّی‌گڑھ,NNP
مالیگاؤں,NNP
بمبئی,NNP
سکندرآباد,NNP
دکن,NNP
جبل‌پور,NNP
فیروزپور,NNP
مدراس,NNP
بمبئی,NNP
وزیرآباد,NNP
پنجاب,NNP
گوبندگڑھ,NNP
بہرام‌پور,NNP
بنگال,NNP
فروری,NNP
بہرام‌پور,NNP
مارچ,NNP
بارک‌پور,NNP
اپریل,NNP
منگل,NNP
پانڈے,NNP
مئی,NNP
لکھنؤ,NNP
ہندوستان,NNP
سیّد,NNP
احمد,NNP
ہندوستان,NNP
بنگال,NNP
ایسٹ‌انڈیا‌کمپنی,NNP
کیننگ,NNP
ہندوستان,NNP
اینی,NNP
بیسنٹ,NNP
انگلستان,NNP
ہندوستان,NNP
ہند,NNP
کلائیو,NNP
ماؤنٹ‌بیٹن,NNP
برصغیر,NNP
پاک‌وہند,NNP
جون,NNP
جولائی,NNP
اگست,NNP
اگست,NNP
پاکستان,NNP
اگست,NNP
پاکستان,NNP
بھارت,NNP
سکھ,NNP
مغرب,NNP
پاکستان,NNP
پاکستان,NNP
جالندھر,NNP
پاکستان,NNP
بھارت,NNP
عبدالعزیز,NNP
ہندوستان,NNP
اودھ,NNP
واجد,NNP
علی,NNP
جنوری,NNP
اودھ,NNP
کلکتہ,NNP
واجد,NNP
علی,NNP
ہندوستان,NNP
ڈلہوزی,NNP
بہار,NNP
پٹنہ,NNP
بیلی,NNP
سن,NNP
مولوی,NNP
پیر,NNP
علی,NNP
مولوی,NNP
پیر,NNP
علی,NNP
ہندوستان,NNP
ویپوریتو,NNP
وینس,NNP
اٹلی,NNP
اٹلی,NNP
ریاض,NNP
شاہد,NNP
زرقا,NNP
غرناطہ,NNP
پاکستان,NNP
اسلام,NNP
کشمیر,NNP
فلسطین,NNP
اردو,NNP
پریم,NNP
چند,NNP
احمد,NNP
شجاع,NNP
سعادت,NNP
حسن,NNP
منٹو,NNP
راجندر,NNP
سنگھ,NNP
بیدی,NNP
کرشن,NNP
چندر,NNP
خواجہ,NNP
احمد,NNP
عباس,NNP
عصمت,NNP
چغتائی,NNP
ریاض,NNP
شاہد,NNP
کمال,NNP
امروہی,NNP
گلزار,NNP
احمد,NNP
شجاع,NNP
جولائی,NNP
کراچی,NNP
ایچ‌ایم‌آئی‌ایس,NNP
دہمنش,NNP
بحرین,NNP
عدن,NNP
یمن,NNP
افریقہ,NNP
سورج,NNP
ہندوستان,NNP
پاکستان,NNP
بمبئی,NNP
بمبئی,NNP
بمبئی,NNP
ہندوستان,NNP
پاکستان,NNP
آلڈرنی,NNP
وکٹوریہ,NNP
وکٹوریہ,NNP
کرکٹ,NNP
فٹبال,NNP
آلڈرنی,NNP
کرکٹ,NNP
سینٹ‌این,NNP
بریک‌واٹر,NNP
آلڈرنی,NNP
پراڈو,NNP
ایّوب,NNP
پراڈو,NNP
ہنڈورس,NNP
ہنڈورس,NNP
مئی,NNP
اکتوبر,NNP
نومبر,NNP
سرغو,NNP
ہنڈورس,NNP
کریبئین,NNP
ہنڈورس,NNP
رابن,NNP
ساؤتھ‌افریقہ,NNP
کیپ‌ٹاؤن,NNP
فیری,NNP
فیری,NNP
کیپ‌ٹاؤن,NNP
خلیج,NNP
ٹیبل,NNP
منڈیلا,NNP
فیری,NNP
رابن,NNP
منڈیلا,NNP
دسمبر,NNP
پاکستان,NNP
پلٹن,NNP
اندراگاندھی,NNP
خلیج‌بنگال,NNP
البدر,NNP
غلام,NNP
اعظم,NNP
مشرقی‌پاکستان,NNP
لاہور,NNP
ذیلدار,NNP
اچھرہ,NNP
سقوطِ‌ڈھاکا,NNP
مودودیؒ,NNP
اللّٰہ,NNP
مشرقی‌پاکستان,NNP
تحریکِ‌اسلامی,NNP
مشرقی‌پاکستان,NNP
اسلام,NNP
اللّٰہ,NNP
بنگلہ‌دیش,NNP
تحریکِ‌اسلامی,NNP
جبوتی,NNP
افریقا,NNP
ایتھوپیا,NNP
صومالیہ,NNP
ایریٹیریا,NNP
افریقا,NNP
جبوتی,NNP
فرانس,NNP
فرانس,NNP
امریکا,NNP
جبوتی,NNP
سعودی‌عرب,NNP
ایتھوپیا,NNP
ایتھوپیا,NNP
جبوتی,NNP
ڈالر,NNP
جبوتی,NNP
دبئی,NNP
عربی,NNP
فرانسیسی,NNP
یورپی,NNP
افریقن,NNP
عرب,NNP
کاٹ,NNP
یمن,NNP
ایتھوپیا,NNP
پاک‌وہند,NNP
جبوتی,NNP
متحدہ‌امارات,NNP
دبئی,NNP
عربی,NNP
الٰہی,NNP
خستہ,NNP
مسجدِ‌نبوی,NNP
عظیم,NNP
بیگ,NNP
چغتائی,NNP
الشذری,NNP
عربی,NNP
سعودیہ,NNP
اردو,NNP
جنت,NNP
کشمیر,NNP
اکتوبر,NNP
اکتوبر,NNP
اکتوبر,NNP
ستی‌سر,NNP
پیرپنجال,NNP
جلودبھو,NNP
کشپ,NNP
رشی,NNP
محمد,NNP
دین,NNP
فوق,NNP
جلودبھو,NNP
ستی‌سر,NNP
بارہ‌مولہ,NNP
کشپ‌میر,NNP
کشمیر,NNP
کشمیر,NNP
سری‌نگر,NNP
سی‌ڈی‌آر,NNP
کشمیر,NNP
آزادکشمیر,NNP
پاکستان,NNP
مقبوضہ‌کشمیر,NNP
اکتوبر,NNP
اٹاری,NNP
امرتسر,NNP
کشمیریوں,NNP
امرتسر,NNP
امرتسر,NNP
مارچ,NNP
ملائیشیا,NNP
کوالالمپور,NNP
میلے,NNP
نگارا,NNP
ڈالر,NNP
ملائیشیا,NNP
پاکستان,NNP
فیصل,NNP
مسجد,NNP
اسلام‌آباد,NNP
خانۂکعبہ,NNP
مرڈیکا,NNP
نگارا,NNP
کوالالمپور,NNP
ایپوہ,NNP
پرکم,NNP
تنکو,NNP
عبدالرحمن,NNP
پرکم,NNP
اورنگزیب,NNP
گولکنڈہ,NNP
بیجاپور,NNP
دکن,NNP
احمد,NNP
نگر,NNP
بیدر,NNP
برار,NNP
بیجاپور,NNP
گولکنڈہ,NNP
دکن,NNP
دکن,NNP
اورنگزیب,NNP
رمضان‌المبارک,NNP
رمضان,NNP
اےسی‌ایچ‌بی,NNP
منصور,NNP
علی,NNP
مسیح,NNP
روم,NNP
یورپ,NNP
امریکا,NNP
مشرق,NNP
جاپان,NNP
چین,NNP
روس,NNP
گوجرانوالہ,NNP
عبدﷲ,NNP
بلغاریہ,NNP
روس,NNP
ٹینکوف,NNP
لیکٹک‌ایسڈ,NNP
اٹلی,NNP
لاایکولا,NNP
سیلویابستی,NNP
بستی,NNP
یئل,NNP
حیاتیات,NNP
ولیری,NNP
ہورسلے,NNP
ریحان,NNP
علی,NNP
کراچی,NNP
نارتھمبریا,NNP
نارتھمبریا,NNP
ہیفرنن,NNP
نارتھمبریا,NNP
اللہ,NNP
میساچوسٹس,NNP
ہولیسٹون,NNP
ہارورڈبائیوسائنسز,NNP
ڈیوڈگرین,NNP
بائیوریکٹر,NNP
اسٹاک‌ہوم,NNP
بائیوریکٹر,NNP
بائیوریکٹر,NNP
اندی,NNP
اندی,NNP
اندی,NNP
پاکستان,NNP
پاکستان,NNP
اُردو,NNP
بواسیر,NNP
عربی,NNP
سندھی,NNP
فارسی,NNP
انگریزی,NNP
پنجابی,NNP
انگریزی,NNP
افتخار,NNP
احمد,NNP
مانانوالہ,NNP
شیخوپورہ,NNP
افتخار,NNP
سورج,NNP
سورج,NNP
اوباما,NNP
ایبٹ‌آباد,NNP
ایبٹ‌آباد,NNP
پاکستان,NNP
امریکہ,NNP
امریکہ,NNP
پاکستان,NNP
نائن‌الیون,NNP
افغانستان,NNP
کراچی,NNP
بلوچستان,NNP
بلوچستان,NNP
اوریا,NNP
مقبول,NNP
جان,NNP
بلوچستان,NNP
محمد,NNP
طاہر,NNP
القاعدہ,NNP
سلیم,NNP
شہزاد,NNP
افغانستان,NNP
القاعدہ,NNP
امریکہ,NNP
پاکستان,NNP
سلمان,NNP
عابد,NNP
کراچی,NNP
پاکستان,NNP
کراچی,NNP
پاکستان,NNP
کراچی,NNP
کراچی,NNP
پاکستان,NNP
امریکہ,NNP
برطانیہ,NNP
بھارت,NNP
کراچی,NNP
کراچی,NNP
رحمان,NNP
ملک,NNP
کراچی,NNP
اسرائیل,NNP
پاکستان,NNP
امریکہ,NNP
برطانیہ,NNP
کراچی,NNP
ایم‌کیو‌ایم,NNP
اےاین‌پی,NNP
ناروے,NNP
رجوکان,NNP
جرمنی,NNP
امریکہ,NNP
مارچ,NNP
فروری,NNP
برطانیہ,NNP
ناروے,NNP
رجوکان,NNP
ویمورک,NNP
امریکہ,NNP
جاپان,NNP
جاپان,NNP
ناروزی,NNP
اوسلو,NNP
جنوب,NNP
ویمورک,NNP
کشمیر,NNP
سویت‌یونین,NNP
افغانستان,NNP
کشمیر,NNP
بھارت,NNP
جموں‌وکشمیر,NNP
محمد,NNP
یوسف,NNP
محمد,NNP
یوسف,NNP
حزب‌المجاہدین,NNP
صلاح‌الدین,NNP
سری‌نگر,NNP
مقبوضہ‌کشمیر,NNP
جماعت‌اسلامی,NNP
قاضی,NNP
حسین,NNP
احمد,NNP
فروری,NNP
پنجاب,NNP
نواز,NNP
شریف,NNP
پاکستان,NNP
بےنظیر,NNP
پاکستان,NNP
قائداعظمؒ,NNP
کشمیر,NNP
پاکستان,NNP
کشمیر,NNP
پاکستان,NNP
بھارت,NNP
کاروان‌علم‌فاؤنڈیشن,NNP
اعجاز,NNP
حسن,NNP
قریشی,NNP
کاروان‌علم‌فاؤنڈیشن,NNP
ظفر,NNP
پاکستان,NNP
آزادکشمیر,NNP
گلگت,NNP
بلتستان,NNP
آصف,NNP
احمد,NNP
علی,NNP
آئی‌ایم‌ایف,NNP
اُردو,NNP
نومبر,NNP
نومبر,NNP
جنوری,NNP
اُردو,NNP
رب,NNP
کریم,NNP
پاک‌وہند,NNP
اُردو,NNP
ڈھیری‌خیل,NNP
زریں‌آباد,NNP
نیواباخیل,NNP
اللہ,NNP
بارسلونا,NNP
سپین,NNP
شکیل,NNP
بارسلونا,NNP
ہم‌وطن‌سپین,NNP
جاوید,NNP
مغل,NNP
ارشد,NNP
نذیر,NNP
ساحل,NNP
بارسلونا,NNP
پاکستان,NNP
ارشد,NNP
نذیر,NNP
لالہ‌موسیٰ,NNP
گل,NNP
گل,NNP
خان,NNP
نیاز,NNP
نیواباخیل,NNP
نیواباخیل,NNP
ارشد,NNP
نذیر,NNP
گل,NNP
خان,NNP
اسلم,NNP
مروت,NNP
اللہ,NNP
اللہ,NNP
پاکستان,NNP
اللہ,NNP
اللہ,NNP
محمود,NNP
قریشی,NNP
پیپلز‌پارٹی,NNP
فاروق,NNP
لغاری,NNP
بھٹو,NNP
امریکہ,NNP
ریمنڈ,NNP
ڈیوس,NNP
ریمنڈ,NNP
پاکستان,NNP
اوباما,NNP
پاکستان,NNP
پاکستان,NNP
امریکہ,NNP
عالم‌عرب,NNP
مارچ,NNP
لاہور,NNP
کاروان‌علم‌فاؤنڈیشن,NNP
ایس‌ایم,NNP
ظفر,NNP
احسان‌اللہ,NNP
وقاص,NNP
اُسامہ,NNP
مظہر,NNP
قریشی,NNP
الطاف,NNP
حسن,NNP
قریشی,NNP
مجیب‌الرحمن,NNP
شامی,NNP
فضل,NNP
حسین,NNP
اختر,NNP
کاروان‌علم‌فاؤنڈیشن,NNP
اعجاز,NNP
حسن,NNP
قریشی,NNP
قرآن‌پاک,NNP
کاروان‌علم‌فاؤنڈیشن,NNP
ایس‌ایم,NNP
ظفر,NNP
اعجاز,NNP
حسن,NNP
قریشی,NNP
کاروان‌علم‌فاؤنڈیشن,NNP
سوات,NNP
جاپان,NNP
ٹوکیو,NNP
مارچ,NNP
سینڈائی,NNP
سونامی,NNP
ٹوکیو,NNP
سونامی,NNP
ٹوکیو,NNP
ٹوکیو,NNP
ٹوکیو,NNP
ٹوکیو,NNP
ٹوکیو,NNP
ٹوکیو,NNP
ٹوکیو,NNP
ٹوکیو,NNP
مارچ,NNP
ٹوکیو,NNP
ٹوکیو,NNP
سونامی,NNP
جاپان,NNP
کراچی,NNP
پاکستان,NNP
اگست,NNP
برطانیہ,NNP
لندن,NNP
لندن,NNP
لندن,NNP
کراچی,NNP
کراچی,NNP
لندن,NNP
کراچی,NNP
جنوری,NNP
احمدنگر,NNP
مہاراشٹر,NNP
بھنگر,NNP
کشن,NNP
راؤ,NNP
ہزارے,NNP
بابو,NNP
راؤ,NNP
بھنگر,NNP
رالی‌گن,NNP
سدھی,NNP
مہاراشٹر,NNP
کشن,NNP
انا,NNP
ممبئی,NNP
پاک‌وہند,NNP
رالےگن,NNP
سدھی,NNP
انا,NNP
سیما,NNP
عزیز,NNP
کیئر,NNP
فاؤنڈیشن,NNP
سرینا,NNP
سیفم,NNP
بریزے,NNP
کیئر,NNP
فاؤنڈیشن,NNP
سیما,NNP
عزیز,NNP
لاہور,NNP
عابد,NNP
عزیز,NNP
نگہت,NNP
ہاشمی,NNP
اسلامیات,NNP
عربی,NNP
ایجوکیشن,NNP
ایم‌فل,NNP
لاہور,NNP
اسلامیات,NNP
النور,NNP
قرآن‌وسنت,NNP
النور,NNP
پاکستان,NNP
لاہور,NNP
فیصل‌آباد,NNP
ملتان,NNP
بہاولپور,NNP
قرآن,NNP
قرآن‌مجید,NNP
قرآن,NNP
مشرف,NNP
حئی,NNP
پاکستان,NNP
پاکستان,NNP
لوریل,NNP
پاکستان,NNP
یونی‌لیور,NNP
پاکستان,NNP
پاکستان,NNP
اکتوبر,NNP
لاہور,NNP
پنجاب,NNP
چترال,NNP
کراچی,NNP
پاکستان,NNP
پاکستان,NNP
پاکستان,NNP
رشید,NNP
جہانگیر,NNP
بدر,NNP
ابوالخیر,NNP
محمد,NNP
زبیر,NNP
عاکف,NNP
سعید,NNP
قاضی,NNP
حسین,NNP
احمد,NNP
منور,NNP
حسن,NNP
لیاقت,NNP
بلوچ,NNP
سراج‌الحق,NNP
نعمتﷲ,NNP
محمد,NNP
حسین,NNP
محنتی,NNP
اسدﷲ,NNP
بھٹو,NNP
وسیم,NNP
اختر,NNP
نیل,NNP
کاشغر,NNP
مسلمہ,NNP
عبداللّٰہ,NNP
ولید,NNP
طلال,NNP
فاؤنڈیشن,NNP
امیرہ,NNP
ٹوئٹر,NNP
اےلیول,NNP
علی,NNP
معین,NNP
نوازش,NNP
پاکستان,NNP
کیمبرج,NNP
کیمبرج,NNP
گوگل,NNP
ایپل,NNP
مائیکروسافٹ,NNP
امریکہ,NNP
یورپ,NNP
اللہ,NNP
امریکہ,NNP
یورپ,NNP
پاکستان,NNP
اللہ,NNP
اےلیول,NNP
پاکستان,NNP
نگوزی,NNP
اکونجوآئیولا,NNP
نائیجریا,NNP
افریقہ,NNP
نائیجریا,NNP
پاکستان,NNP
نگوزی,NNP
اولیگن,NNP
اوبسانجو,NNP
نائیجریا,NNP
ڈالر,NNP
نگوزی,NNP
ڈالر,NNP
نگوزی,NNP
اکونجو,NNP
نائجیریا,NNP
نگوزی,NNP
گل,NNP
مارکس,NNP
جنوبی‌افریقہ,NNP
جنوبی‌افریقہ,NNP
ساؤتھ‌افریقن‌ریزرو‌بنک,NNP
ڈالر,NNP
گل,NNP
مارکس,NNP
چیمیندا,NNP
نگوزی,NNP
اڈیشی,NNP
نائیجریا,NNP
نائیجریا,NNP
اڈیشی,NNP
ہاف‌آف‌اےیئلوسن,NNP
اورنج‌پرائز,NNP
اڈیشی,NNP
افریقہ,NNP
افریقہ,NNP
رابرٹ,NNP
اسپنسر,NNP
رابرٹ,NNP
اسپنسر,NNP
اسلام‌آئزیشن,NNP
امریکہ,NNP
جہادواچ,NNP
کیرولینا,NNP
ایم‌اے,NNP
امریکہ,NNP
اسلاموفوبیا,NNP
اسلام,NNP
محمدؐ,NNP
ایف‌بی‌آئی,NNP
رابرٹ,NNP
اسپنسر,NNP
اسلام,NNP
امریکہ,NNP
مغرب,NNP
اسلاموفوبیا,NNP
محمدؐ,NNP
کیرولینا,NNP
اسلام,NNP
اسپنسر,NNP
کارل,NNP
ارنسٹ,NNP
کیرولینا,NNP
سینٹرفاردی‌سٹڈی‌آف‌دی‌مڈل‌ایسٹ‌اینڈمسلم‌سولائزیشنز,NNP
اسپنسر,NNP
اسلام,NNP
اسپنسر,NNP
اسلام,NNP
سٹیون,NNP
ایمرسن,NNP
سٹیون,NNP
براؤن,NNP
عمرانیات,NNP
ایم‌اے,NNP
انوسٹی‌گیٹوپروجیکٹ‌آن‌ٹیررازم,NNP
یورپ,NNP
مملکتِ‌پاکستان,NNP
کراچی,NNP
کراچی,NNP
کراچی,NNP
کراچی,NNP
زرداری,NNP
دبئی,NNP
لندن,NNP
کراچی,NNP
جنوبی‌ایشیا,NNP
کراچی,NNP
برصغیر,NNP
کراچی,NNP
برصغیر,NNP
جنوبی‌ایشیا,NNP
ہندوستان,NNP
کانگریس,NNP
پاکستان,NNP
بھارت,NNP
پاکستان,NNP
پنجاب,NNP
پنجابی,NNP
اردو,NNP
پنجاب,NNP
سندھ,NNP
کراچی,NNP
حیدرآباد,NNP
سندھ,NNP
موسیٰ,NNP
بنی‌اسرائیل,NNP
فرعون,NNP
فرعون,NNP
بنی‌اسرائیل,NNP
موسیٰ,NNP
سمن‌آباد,NNP
شاہ,NNP
جہاں,NNP
انگہ,NNP
انجینئرنگ,NNP
نواں‌کوٹ,NNP
انگہ,NNP
نواں‌کوٹ,NNP
نواں‌کوٹ,NNP
چوبرجی,NNP
چوبرجی,NNP
عدنان,NNP
قیوم,NNP
ایم‌بی‌اے,NNP
نیشنل‌بینک,NNP
کراچی,NNP
مئی,NNP
اسلام‌آباد,NNP
کراچی,NNP
اللہ‌تعالیٰ,NNP
عدنان,NNP
قیوم,NNP
اسلام‌آباد,NNP
عدنان,NNP
قیوم,NNP
جولائی,NNP
جمشید‌دستی,NNP
بجارانی,NNP
ڈومکی,NNP
اسلام‌آباد,NNP
مارگلہ,NNP
عدنان,NNP
قیوم,NNP
کاروان‌علم‌فاؤنڈیشن,NNP
اردو,NNP
لاہور,NNP
اعجاز,NNP
حسن,NNP
قریشی,NNP
قائداعظم,NNP
دُشکا,NNP
مشاہد,NNP
حسین,NNP
پاکستان,NNP
اگست,NNP
پرویز,NNP
مشرف,NNP
ایس‌ڈی‌پی‌آئی,NNP
زبیدہ,NNP
جلال,NNP
امریکہ,NNP
بش,NNP
جنوری,NNP
پاکستان,NNP
امریکہ,NNP
مشرف,NNP
زبیدہ,NNP
جلال,NNP
جارج,NNP
بش,NNP
افغانستان,NNP
عراق,NNP
شرق‌اوسط,NNP
یورپ,NNP
امریکہ,NNP
مصر,NNP
اخوان,NNP
فلسطین,NNP
حماس,NNP
احمدی‌نژاد,NNP
ہولوکاسٹ,NNP
بش,NNP
لاطینی,NNP
امریکہ,NNP
امریکہ,NNP
جارج,NNP
بش,NNP
پاکستان,NNP
سرورِکائنات,NNP
عبداللہ,NNP
عبدالعزیزؒ,NNP
جمادی‌الثانی,NNP
فہد,NNP
عبدالعزیزؒ,NNP
عبداللہ,NNP
عبدالعزیزؒ,NNP
ریاض,NNP
عبداللہ,NNP
عبداللہ,NNP
سعودی‌عرب,NNP
آل‌سعود,NNP
سعودی‌عرب,NNP
عبدالرحمن,NNP
عوفؓ,NNP
غزوۂبدر,NNP
ابوجہل,NNP
رسول,NNP
ابوجہل,NNP
معاذؓ,NNP
معوذؓ,NNP
معاذؓ,NNP
ابوجہل,NNP
عقبہ,NNP
معیط,NNP
مکہ,NNP
حضور,NNP
ابوبکر,NNP
صدیقؓ,NNP
حضورؐ,NNP
حضورؐ,NNP
ابوبکرؓ,NNP
حضورؐ,NNP
عبداللہ,NNP
مسعودؓ,NNP
نبی,NNP
حضورؐ,NNP
عبداللہ,NNP
مسعودؓ,NNP
اسلام,NNP
قولِ‌‌رسول,NNP
اللہؐ,NNP
عبداللہ,NNP
مسعود,NNP
عبداللہ,NNP
مسعودؓ,NNP
حضورؐ,NNP
عبدالرحمن,NNP
عبدالرحمن,NNP
ابنِ‌اُمّ‌عبد,NNP
امیرمعاویہ,NNP
زرقا,NNP
عدی,NNP
معاویہؓ,NNP
زرقا,NNP
امیرالمومنین,NNP
علی,NNP
جنگِ‌‌صفین,NNP
علی,NNP
زرقا,NNP
امیرمعاویہ,NNP
ؓ,NNP
کوفے,NNP
زرقا,NNP
زرقا,NNP
امیرمعاویہ,NNP
زرقا,NNP
زرقا,NNP
ﷲ,NNP
رب‌العزت,NNP
صفین,NNP
علی,NNP
امیرالمومنینؓ,NNP
زرقا,NNP
سعیدالخیر,NNP
خراسان,NNP
اللہ,NNP
بوعلی,NNP
سینا,NNP
بوعلی,NNP
بوعلی,NNP
سینا,NNP
ابوسعید,NNP
ابوسعید,NNP
ابوسعید,NNP
بوعلی‌سینا,NNP
بوعلی,NNP
سینا,NNP
خدا,NNP
جلال‌الدین,NNP
اکبر,NNP
لاہور,NNP
سعداللہ,NNP
ملتانیؒ,NNP
اکبر,NNP
اکبر,NNP
خدا,NNP
اللہ,NNP
حضور,NNP
ﷲ,NNP
داؤد,NNP
بخاری,NNP
حضور,NNP
رسول,NNP
ﷲ,NNP
مشکوۃ,NNP
حضور,NNP
خدا,NNP
جہنم,NNP
ﷲتعالیٰ,NNP
مشکوۃ,NNP
زکوۃ,NNP
قرآن,NNP
زکوۃٰ,NNP
زکوۃٰ,NNP
قرآن,NNP
زکوۃٰ,NNP
خدا,NNP
جہنم,NNP
التوبہ,NNP
ترکی,NNP
قرآن,NNP
‌پاکستان,NNP
ترک,NNP
اپریل,NNP
ترکی,NNP
ترکی,NNP
قرآن,NNP
عربی,NNP
برطانیہ,NNP
محمد,NNP
پکھتال,NNP
اپریل,NNP
قرآن,NNP
ترکی,NNP
ترکی,NNP
ستمبر,NNP
اکتوبر,NNP
ترکی,NNP
ترکی,NNP
عیسیٰ,NNP
رب,NNP
انٹارکٹکا,NNP
ٹرن,NNP
جنوب,NNP
بحراوقیانوس,NNP
برطانیہ,NNP
اسپین,NNP
‌افریقہ,NNP
ستمبر,NNP
عبدالرؤف,NNP
ملتون,NNP
جولائی,NNP
نوشہرہ,NNP
زیارت,NNP
اگست,NNP
اللہ,NNP
اللہ,NNP
اللہ,NNP
مارچ,NNP
ملتون,NNP
نوشہرہ,NNP
بہشت,NNP
روم,NNP
رب,NNP
الزمر,NNP
ﷲ,NNP
اسلام,NNP
رب,NNP
ﷲ,NNP
الزمر,NNP
المومن,NNP
الجاشیہ,NNP
‌رسولؐ,NNP
اسلام,NNP
اوس,NNP
شرجیلؓ,NNP
ترمذی,NNP
بیہقی,NNP
عبداﷲ,NNP
مسعودؓ,NNP
ترمذی,NNP
بیہقی,NNP
مودودیؒ,NNP
حامد,NNP
مودودیؒ,NNP
لاہور,NNP
پاکستان,NNP
مودودیؒ,NNP
جماعت‌اسلامی,NNP
یحییٰ,NNP
قرآنِ‌‌پاک,NNP
خدائےبےنیاز,NNP
خدا,NNP
ﷲ,NNP
طاؤس,NNP
طاؤس,NNP
ﷲتعالیٰ,NNP
شیطان,NNP
حضورِاکرم,NNP
حضورِاکرم,NNP
لگامِ‌‌شرع,NNP
خدا,NNP
اللّٰہ,NNP
خدا,NNP
اللّٰہ,NNP
بندگانِ‌‌خدا,NNP
اللّٰہ,NNP
اللّٰہ,NNP
خدا,NNP
اللّٰہ,NNP
خدا,NNP
اللّٰہ‌تعالیٰ,NNP
‌الٰہی,NNP
اللّٰہ,NNP
اللّٰہ,NNP
اللّٰہ‌تعالیٰ,NNP
جنت,NNP
آبِ‌زم‌زم,NNP
مکہ,NNP
خداوندی,NNP
ابراہیم,NNP
ﷲ‌تعالیٰ,NNP
ہاجرہ,NNP
اسماعیلؑ,NNP
ذی‌زرعہ,NNP
ﷲتعالیٰ,NNP
مارٹن,NNP
لنکس,NNP
ابوبکر,NNP
سراج‌الدین,NNP
آبِ‌زم‌زم,NNP
حضرت‌ابراہیم,NNP
ہاجرہ,NNP
اسماعیل,NNP
ﷲ,NNP
ہاجرہ,NNP
ہاجرہؑ,NNP
اسماعیلؑ,NNP
اسماعیل,NNP
ﷲ,NNP
ہاجرہؑ,NNP
نبویؐ,NNP
روضۂرسولؐ,NNP
عراق,NNP
عراق,NNP
کوفہ,NNP
کوفے,NNP
محمد,NNP
ادریس,NNP
کوفہ,NNP
ابوحنیفہؒ,NNP
محمد,NNP
حسنؒ,NNP
ابویوسفؒ,NNP
کوفے,NNP
کوفہ,NNP
مالکؒ,NNP
کوفہ,NNP
مکے,NNP
عراق,NNP
عراق,NNP
کوفہ,NNP
قرآن‌پاک,NNP
جیفرسن,NNP
جیفرسن,NNP
کلام‌پاک,NNP
دی‌قرآن,NNP
جارج,NNP
سیل,NNP
لندن,NNP
جیفرسن,NNP
جیفرسن,NNP
سیل,NNP
سیل,NNP
محمدؐ,NNP
پفن,NNP
دروف,NNP
سیل,NNP
حضوراکرمؐ,NNP
قرآن‌پاک,NNP
جارج,NNP
سیل,NNP
اسلام,NNP
سیل,NNP
حضوراکرمؐ,NNP
آپؐ,NNP
سیل,NNP
آپؐ,NNP
موسیٰ,NNP
خدا,NNP
موسیٰ‌,NNP
موسیٰ‌,NNP
حق‌تعالیٰ,NNP
موسیٰ‌,NNP
خدا,NNP
محمد,NNP
محمد,NNP
ادریس,NNP
محمد,NNP
ادریس,NNP
محمد,NNP
حرم,NNP
حرم,NNP
مطّلب,NNP
مطّلب,NNP
شافعؓ,NNP
مالکؒ,NNP
مالک,NNP
موطا,NNP
موطا,NNP
اللّٰہ,NNP
محمد,NNP
محمد,NNP
ادریس,NNP
موطا,NNP
مالکؒ,NNP
محمد,NNP
ادریس,NNP
کتاب‌اللّٰہ,NNP
سنت‌رسول,NNP
اجماع‌اُمت,NNP
محمد,NNP
مصعبؓ,NNP
اللہ‌تعالیٰ,NNP
رسول‌اللہؐ,NNP
آپؓ,NNP
مدینہ,NNP
عقبہ,NNP
نبیؐ,NNP
مصعب,NNP
مدینہ,NNP
اللہ‌ورسول,NNP
عقبہ,NNP
حج,NNP
مسلمانانِ‌مدینہ,NNP
رسول,NNP
اللہ,NNP
مکہ,NNP
نبیؐ,NNP
مصعبؓ,NNP
عمیر,NNP
مکہ,NNP
مصعبؓ,NNP
مدینہ,NNP
بنی‌الاشہل,NNP
حضیر,NNP
اللہ,NNP
رمضان‌المبارک,NNP
کعبۃﷲ,NNP
کعبۃﷲ,NNP
مکہ,NNP
بیتﷲ,NNP
رب,NNP
ﷲ,NNP
ابوغیاث,NNP
شعیبؑ,NNP
شعیبؑ,NNP
مدین,NNP
اصحاب‌الایکہ,NNP
شعیب‌ؑ,NNP
شعیبؑ,NNP
قرآن,NNP
شعیبؑ,NNP
مدین,NNP
اصحاب‌الایکہ,NNP
اصحاب‌الایکہ,NNP
شعیبؑ,NNP
الشعرا,NNP
اللہ,NNP
رسول,NNP
شعیب,NNP
الشعرا,NNP
اصحاب‌الایکہ,NNP
شعیب,NNP
مرُسل‌من‌اللہ,NNP
یبوس,NNP
سالم,NNP
مصرف,NNP
بابل,NNP
یروشلم,NNP
تورات,NNP
انجیل,NNP
داؤد,NNP
سلیمانؑ,NNP
ہیکل‌سلیمانی,NNP
بختِ‌نصر,NNP
بابل,NNP
فارس,NNP
خورش,NNP
بخت‌نصر,NNP
عمرؓ,NNP
بیت‌المقدس,NNP
پیٹرک,NNP
سفروینوس,NNP
عمرؓ,NNP
نصاریٰ,NNP
آنحضرتؐ,NNP
حضورؐ,NNP
نبیؐ,NNP
آپؐ,NNP
یہود,NNP
نصاریٰ,NNP
اسلام,NNP
رسالت‌مآبؐ,NNP
ﷲ‌تعالیٰ,NNP
نوحؑ,NNP
عیسیٰؑ,NNP
خداتعالیٰ,NNP
اسلام,NNP
قرآن‌مجید,NNP
سورۃالتین,NNP
التین,NNP
طورِ‌سینا,NNP
ﷲ,NNP
ﷲتعالیٰ,NNP
اسلام,NNP
نوحؑ,NNP
جودی,NNP
التین,NNP
بیت‌المقدس,NNP
کوہِ‌زیتون,NNP
عیسیٰ‌ؑ,NNP
طورِسینا,NNP
مکہ,NNP
ﷲتعالیٰ,NNP
اسلام,NNP
آپؐ,NNP
اللہ,NNP
اللہ,NNP
بخاری,NNP
رسولؐ‌کریم,NNP
غزوہ‌بدر,NNP
رسولؐﷲ,NNP
آپؐ,NNP
آپؐ,NNP
حضورؐ,NNP
آپؐ,NNP
شمائل‌ترمذی,NNP
آپؐ,NNP
صحابہؓ,NNP
حضورؐ,NNP
ابوداؤدؓسلمہ‌بن‌رکوع,NNP
مدینہ‌منورہ,NNP
سلمہؓ‌بن‌رکوع,NNP
مسلم,NNP
عمرفاروقؓ,NNP
زبیربن‌عوامؓ,NNP
زبیرؓ,NNP
ربِ‌کعبہ,NNP
کنزالمعال,NNP
علامہ‌ابن‌اثیرؒ,NNP
حضورؐ,NNP
ام‌انمار,NNP
خبابؓ,NNP
عاص‌بن‌وائل,NNP
خبابؓ,NNP
محمدؐ,NNP
خبابؓ,NNP
محمدؐ,NNP
عاص,NNP
محمدؐ,NNP
رحمن,NNP
سورہ‌مریم,NNP
جارج,NNP
برنارڈشا,NNP
انگریزی,NNP
انگریزی,NNP
انگریزی,NNP
اُردو,NNP
عربی,NNP
اردو,NNP
ﷲ,NNP
کیمل,NNP
پانامہ,NNP
ایکوڈور,NNP
کینری,NNP
جزائر,NNP
اسپین,NNP
کینری,NNP
چین,NNP
چینی,NNP
چینی,NNP
چینی,NNP
انگریزی,NNP
انگریزی,NNP
چین,NNP
انگریزی,NNP
انگریزی,NNP
انگریزی,NNP
منظور,NNP
احمد,NNP
وٹو,NNP
روبینہ,NNP
شاہین,NNP
وٹو,NNP
پاکستان,NNP
مسلم‌لیگ,NNP
جناح,NNP
روبینہ,NNP
شاہین,NNP
وٹو,NNP
امیر,NNP
بیگم,NNP
بھیرپور,NNP
نعیمی,NNP
محی‌الدین,NNP
لکھوی,NNP
معین‌الدین,NNP
لکھوی,NNP
دیوبندی,NNP
محمود,NNP
بخاری,NNP
محمود,NNP
بخاری,NNP
محمودیہ,NNP
القرآن,NNP
گورنمنٹ‌کمرشل‌انسٹیٹیوٹ‌برائےکامرس‌دیپال‌پور,NNP
دیپال‌پور,NNP
گورنمنٹ‌انسٹی‌ٹیوٹ‌آف‌کامرس,NNP
پاکستان,NNP
کامرس‌انسٹی‌ٹیوٹ,NNP
دیپال‌پور,NNP
خالد,NNP
عبدالرحمن,NNP
قریشی,NNP
کاروان‌علم‌فاؤنڈیشن,NNP
اردو,NNP
کویت,NNP
نورالرحمن,NNP
عابد,NNP
کنیزفاطمہ‌ویلفیئرفاؤنڈیشن,NNP
رحیم‌یارخان,NNP
کاروان‌علم‌فاؤنڈیشن,NNP
نورالدین,NNP
عابد,NNP
پاکستان,NNP
جولائی,NNP
راولپنڈی,NNP
نیولالہ‌زار,NNP
جون,NNP
خالد,NNP
عبدالرحمن,NNP
قریشی,NNP
کاروان‌علم‌فاؤنڈیشن,NNP
ایم‌بی‌بی‌ایس,NNP
بی‌ایس‌سی,NNP
جون,NNP
کاروانِ‌علم‌فاؤنڈیشن,NNP
نشترمیڈیکل‌کالج,NNP
ملتان,NNP
ایم‌بی‌بی‌ایس,NNP
اکتوبر,NNP
نومبر,NNP
لائق,NNP
حسین,NNP
بالمیک,NNP
سنسکرت,NNP
رامائن,NNP
نومبر,NNP
محرم‌الحرام,NNP
ملتِ‌اسلامیہ,NNP
مسلم‌اُمّہ,NNP
پاکستان,NNP
اسلامی‌یونیورسٹی,NNP
اسلام,NNP
اسلامی‌یونیورسٹی,NNP
برصغیر,NNP
محرم,NNP
اسلامی‌یونیورسٹی,NNP
اُمت‌مسلمہ,NNP
پاکستان,NNP
علی,NNP
احمد,NNP
سومار,NNP
محمد,NNP
عثمان,NNP
سومار,NNP
اےکےسومار,NNP
غلام,NNP
احمد,NNP
اسماعیل,NNP
اسماعیل,NNP
یوسف,NNP
اسماعیل,NNP
یوسف,NNP
اےکےسومار,NNP
غلام,NNP
احمد,NNP
اسماعیل,NNP
اےکےسومار,NNP
اےکےسومار,NNP
اےکےسومار,NNP
زکریا,NNP
داؤد,NNP
عمرجھاپرا,NNP
پاکستان,NNP
میمن,NNP
غلام,NNP
احمد,NNP
اسماعیل,NNP
کراچی,NNP
کراچی,NNP
ایس‌ایم‌لاءکالج,NNP
غلام,NNP
احمد,NNP
اسماعیل,NNP
ایس‌ایم‌کامرس‌کالج,NNP
نومبر,NNP
پاکستان,NNP
بھارت,NNP
پاکستان,NNP
سوات,NNP
پاکستان,NNP
پاکستان,NNP
پاکستان,NNP
بنگلہ‌دیش,NNP
ایران,NNP
افغانستان,NNP
ترکی,NNP
فرانس,NNP
جرمنی,NNP
ہالینڈ,NNP
انگلستان,NNP
سوات,NNP
ایم‌اے,NNP
عمرانیات,NNP
عمرانیات,NNP
کاروان‌علم‌فاؤنڈیشن,NNP
پاکستان,NNP
کاروان‌علم,NNP
کاروانِ‌علم‌فاؤنڈیشن,NNP
کاروانِ‌علم‌فاؤنڈیشن,NNP
کل‌پاکستان‌میٹرک‌ایوارڈ,NNP
پاکستان,NNP
کاروان‌علم,NNP
کاروان‌علم,NNP
لسانیات,NNP
اُردو,NNP
نفسیات,NNP
ولیم,NNP
جیمز,NNP
نفسیات,NNP
نفسیات,NNP
ولیم,NNP
جیمز,NNP
نفسیات,NNP
علامہ‌اقبال‌اوپن‌یونیورسٹی,NNP
ایچ‌ای‌سی,NNP
ایم‌فل,NNP
پی‌ایچ‌ڈی,NNP
انگلش,NNP
کوئٹہ,NNP
بلوچستان,NNP
لاہور,NNP
کوئٹہ,NNP
بریرہ,NNP
صدف,NNP
علیم,NNP
نواز,NNP
ڈیرہ‌اسماعیل,NNP
گلگت,NNP
قراقرم,NNP
پاکستان,NNP
مینارپاکستان,NNP
قرآن‌پاک,NNP
حیات‌طیبہ,NNP
سیرت‌نبویؐ,NNP
اللہ,NNP
ازواج‌مطہرات,NNP
کلیات‌اقبال,NNP
تحریک‌آزادی,NNP
حصص‌المسلم,NNP
اردوڈائجسٹ,NNP
رنج‌رائیگاں,NNP
حج,NNP
عمرہ,NNP
تعلیم‌قرآن,NNP
فارسی,NNP
اُردو,NNP
اُردو,NNP
اردو,NNP
عربی,NNP
فارسی,NNP
اردو,NNP
اردو,NNP
انٹل‌کارپوریشن,NNP
پینٹیم,NNP
سیلرون,NNP
اےایم‌ڈی,NNP
انٹل,NNP
پینٹیم,NNP
سیلرون,NNP
سیلرون,NNP
پینٹیم,NNP
سیلرون,NNP
پاکستان,NNP
چین,NNP
پی‌فریگیٹ,NNP
چین,NNP
پاکستان,NNP
فریگیٹ,NNP
کروز,NNP
ڈسٹرائر,NNP
فریگیٹ,NNP
کروز,NNP
فریگیٹ,NNP
فریگیٹ,NNP
پاکستان,NNP
چین,NNP
فریگیٹ,NNP
چیانکوآئی‌دوئم‌کلاس‌قسم۵۵۳ایچ۳,NNP
فریگیٹ,NNP
جواد,NNP
حسن,NNP
شکرگڑھ,NNP
ونڈوز9x,NNP
ونڈوز9x,NNP
ونڈوزایکس‌پی,NNP
ونڈوز9x,NNP
ونڈوز9x,NNP
ونڈوز9x,NNP
ونڈوزایکس‌پی,NNP
ونڈوز9x,NNP
ونڈوزایکس‌پی,NNP
ونڈوز2000,NNP
ونڈوز9x,NNP
پاکستان,NNP
پاکستان,NNP
گودورلیگ‌ڈاٹ‌کام,NNP
اردو,NNP
عربی,NNP
ڈکشنری‌ریفرنس‌کام,NNP
انگریزی,NNP
راجٹ,NNP
انگریزی,NNP
اردو,NNP
ای‌بزم‌ڈاٹ‌کام,NNP
اردو,NNP
انگریزی,NNP
اردو,NNP
ای‌بزم,NNP
اردو,NNP
انگریزی,NNP
انگریزی,NNP
اردو,NNP
اردو,NNP
انگریزی,NNP
اردو,NNP
انگریزی,NNP
اردو,NNP
اُردو,NNP
بپ‌ہوسٹس,NNP
اسپین,NNP
آئیبریا,NNP
ڈالر,NNP
آئبیریا,NNP
یورو,NNP
یورو,NNP
اسپین,NNP
آئیبریا,NNP
اسپین,NNP
آئبیریا,NNP
اسپین,NNP
انڈونیشیا,NNP
یاسین,NNP
لواما,NNP
سولاویسی,NNP
یاسین,NNP
یاسین,NNP
دبئی,NNP
مقبوضہ‌کشمیر,NNP
لداخ,NNP
لیّہ,NNP
امریکا,NNP
ناسا,NNP
جان,NNP
بران,NNP
ڈیٹرائٹ,NNP
امریکا,NNP
ڈیٹرائٹ,NNP
سمرقند,NNP
بلوچستان,NNP
روجھان,NNP
رسول,NNP
بخش,NNP
پٹاک,NNP
پی‌سی‌ایس‌آئی‌آر,NNP
اردو,NNP
حفیظ,NNP
ملتان,NNP
پاکستان,NNP
اقوام‌متحدہ,NNP
WHO,NNP
کیمیکل‌انجینئرزہینڈبک,NNP
فروری,NNP
بحراوقیانوس,NNP
بیئرڈ,NNP
برطانیہ,NNP
پیٹر,NNP
واڈیل,NNP
فرانز,NNP
ورتھ,NNP
بیئرڈ,NNP
نیویارک,NNP
نیویارک,NNP
نیویارک‌ٹائمز,NNP
بیئرڈ,NNP
جےایل,NNP
بیئرڈ,NNP
سٹانک,NNP
شکاگو,NNP
اریزونا,NNP
اریزونا,NNP
حیاتیات,NNP
اریزونا,NNP
اریزونا,NNP
سٹانک,NNP
سٹانک,NNP
سٹانک,NNP
فلکیات,NNP
بلیک‌ہول,NNP
کوزار,NNP
پلسار,NNP
ایڈون,NNP
ہبل,NNP
ایڈون,NNP
ہبل,NNP
ایڈون,NNP
ہبل,NNP
آئن‌سٹائن,NNP
ہبل,NNP
ہبل,NNP
ایڈون,NNP
ہبل,NNP
کونیات,NNP
برج‌دبئی,NNP
دبئی,NNP
مشرق‌وسطیٰ,NNP
دبئی,NNP
جزیرہ‌پام,NNP
برج‌ال‌عرب,NNP
دبئی,NNP
برج,NNP
دبئی,NNP
تائیوان,NNP
تائےپی,NNP
تائےپی,NNP
جنوبی‌کوریا,NNP
چین,NNP
امریکا,NNP
دبئی,NNP
برج‌دبئی,NNP
برج‌دبئی,NNP
مےویل,NNP
جنوبی‌ڈکوٹا,NNP
تھامسن,NNP
ایڈیسن,NNP
ایڈیسن,NNP
ایڈیسن,NNP
ایڈیسن,NNP
ایڈیسن,NNP
ایڈیسن,NNP
گریفائٹ,NNP
کاربن,NNP
گِنی,NNP
جنوبی‌امریکہ,NNP
کوالا,NNP
آسٹریلیا,NNP
پریری,NNP
انڈیا,NNP
بھارت,NNP
کاربن‌ڈائی‌آکسائیڈ,NNP
مسٹرڈ,NNP
اُردو,NNP
انگریزی,NNP
فونیقی,NNP
صیدون,NNP
بابل,NNP
فونیقی,NNP
بیسیمر,NNP
کارتھیج,NNP
کنعانی,NNP
عبرانی,NNP
موآبی,NNP
فونیقیہ,NNP
بابلی,NNP
پاکستان,NNP
صحرائےچولستان,NNP
بہاول‌پور,NNP
تھر,NNP
پاکستان,NNP
بھارت,NNP
راجستھان,NNP
سندھ,NNP
تھر,NNP
بہاول‌پور,NNP
بہاول‌نگر,NNP
رحیم‌یارخان,NNP
بہاول‌پور,NNP
چولستان,NNP
چولستان,NNP
ہنڈورس,NNP
کریبئین,NNP
زردبخار,NNP
ہنڈورس,NNP
ہنڈورس,NNP
ہسپانیہ,NNP
مایا,NNP
ہنڈورس,NNP
انگریزی,NNP
پکٹوگرافی,NNP
دجلہ,NNP
فرات,NNP
سمیری,NNP
انگریزی,NNP
میسوپوٹیمیا,NNP
میسوپوٹیمیا,NNP
میسوپوٹیمیا,NNP
اکادی,NNP
سمیری,NNP
بابلی,NNP
کلدانی,NNP
اشوری,NNP
میسوپوٹیمیا,NNP
عربی,NNP
بلادالرافدین,NNP
دجلہ,NNP
فرات,NNP
رافدین,NNP
پاکستان,NNP
جنوبی‌ایشیا,NNP
دریائےسندھ,NNP
پاکستان,NNP
بنگلہ‌دیش,NNP
بنگلہ‌دیش,NNP
یورپ,NNP
مغرب,NNP
ایسٹ,NNP
انڈیا,NNP
امریکا,NNP
شکاگو,NNP
نیویارک,NNP
دجلہ,NNP
فرات,NNP
عراق,NNP
آکسفورڈ,NNP
پولی‌سلیکون,NNP
پولی‌سلیکون,NNP
سورج,NNP
چین,NNP
امریکا,NNP
جاپان,NNP
جرمنی,NNP
پولی‌سلیکون,NNP
سورج,NNP
سورج,NNP
حیوانیات,NNP
نباتیات,NNP
حیوانیات,NNP
رنیو,NNP
جنوب,NNP
ایشیا,NNP
بورینو,NNP
بورنیو,NNP
انڈونیشیا,NNP
ملائشیا,NNP
برونائی,NNP
سوئٹزرلینڈ,NNP
بورینو,NNP
سماٹرا,NNP
آسٹریلیا,NNP
جیمز,NNP
کک,NNP
آسٹریلیا,NNP
آسٹریلیا,NNP
نیوگنی,NNP
برطانیہ,NNP
جرمنی,NNP
نیوزی‌لینڈ,NNP
امریکا,NNP
حیوانیات,NNP
میکروپوڈوئڈی,NNP
میکروپس,NNP
ولابی,NNP
ولابی,NNP
پشاور,NNP
پاکستان,NNP
فلکیات,NNP
لارنس,NNP
کراس,NNP
کیس‌ویسٹرن‌ریزرو,NNP
رابرٹ,NNP
شیرئر,NNP
وینڈر,NNP
بلٹ,NNP
سورج,NNP
فلکیات,NNP
ویسٹو,NNP
سلفائر,NNP
برطانیہ,NNP
برطانیہ,NNP
گلاسکو,NNP
لارس,NNP
مک‌لی,NNP
لارس,NNP
امریکا,NNP
ٹائم,NNP
ہُولُو‌ڈاٹ‌کام,NNP
ہُولُو,NNP
یوٹیوب,NNP
ہُولُو,NNP
این‌بی‌سی,NNP
فوکس,NNP
پی‌بی‌ایس,NNP
ایس‌این‌ایل,NNP
دی‌ڈیلی‌شو,NNP
دی‌آفس,NNP
گھوسٹ‌بسٹرز,NNP
لوسٹ‌اِن‌ٹرانسلیشن,NNP
ناسا,NNP
ہیڈرن,NNP
کولائیڈر,NNP
طاہر,NNP
گڑیا,NNP
پپو,NNP
ارم,NNP
پی‌ٹی‌سی,NNP
سی‌ٹی,NNP
بی‌ایڈ,NNP
ایم‌ایڈ,NNP
ایم‌اے,NNP
ایم‌ایس‌ایڈ,NNP
ایم‌اے,NNP
ایم‌ایڈ,NNP
ایم‌ایس,NNP
ایم‌فل,NNP
پی‌ایچ‌ڈی,NNP
ہائیرایجوکیشن‌کمیشن,NNP
بی‌ایس,NNP
یونیسکو,NNP
یونیسیف,NNP
کامن‌ویلتھ‌آف‌لرننگ,NNP
ہائیرایجوکیشن‌کمیشن,NNP
HEC,NNP
جی‌ٹی‌زیڈ,NNP
این‌اے,NNP
سی‌پی,NNP
فیڈرل‌منسٹری‌آف‌ایجوکیشن‌کمیشن,NNP
سنٹرآف‌کریکلم‌ڈویلپمنٹ,NNP
ماس‌ایجوکیشن,NNP
سمیری,NNP
خطِ‌میخی,NNP
انگریزی,NNP
کیونی‌فارم,NNP
خالد,NNP
حکومت‌پنجاب,NNP
لاہور,NNP
پاکستان,NNP
پاکستان,NNP
جنوری,NNP
لاہور,NNP
لاہوریوں,NNP
ڈالر,NNP
جنوبی‌افریقہ,NNP
مپولوکنگ,NNP
کینیا,NNP
ڈیوڈمینو,NNP
مپولوکنگ,NNP
یونان,NNP
‌ایتھنز,NNP
فائیڈی,NNP
پیڈیز,NNP
امریکہ,NNP
جرمنی,NNP
فرانس,NNP
برطانیہ,NNP
کرکٹ,NNP
برطانیہ,NNP
برطانیہ,NNP
نیوزی‌لینڈ,NNP
آسٹریلیا,NNP
پسکاس,NNP
اسپین,NNP
ورلڈکپ,NNP
یونان,NNP
کولوکولو,NNP
سعودی‌عرب,NNP
مصر,NNP
المصری,NNP
ساؤتھ‌امریکا,NNP
آسٹریلیا,NNP
ساؤتھ‌ملبورن‌ہیلاز,NNP
نومبر,NNP
بداپسٹ,NNP
ہنگری,NNP
نیٹور,NNP
فٹ‌بال,NNP
ریمنٹ,NNP
کوپا,NNP
پسکاس,NNP
فرینک‌بیکن‌بار,NNP
جرمنی,NNP
مائیکل,NNP
پلاٹینی,NNP
فرانس,NNP
برطانیہ,NNP
فٹ‌بال,NNP
جیوانی,NNP
ٹرپیا,NNP
ٹونی,NNP
بونجیک,NNP
بوبی,NNP
چارلٹن,NNP
فٹ‌بال,NNP
فٹ‌بال,NNP
پلاٹینی,NNP
پلاٹینی,NNP
جون,NNP
جویف,NNP
فرانس,NNP
ایکڈو,NNP
جویف,NNP
میٹز,NNP
میٹز,NNP
فٹ‌بال,NNP
نینسی,NNP
فٹ‌بال,NNP
جنوری,NNP
برطانیہ,NNP
کرکٹ,NNP
آسٹریلیا,NNP
ایشزسیریز,NNP
میلبورن,NNP
آسٹریلوی‌کرکٹ‌بورڈ,NNP
میلبرون,NNP
ایشزسیریز,NNP
جنوری,NNP
برطانیہ,NNP
آسٹریلیا,NNP
کرکٹ,NNP
کرکٹ,NNP
کرکٹ,NNP
کرکٹ,NNP
کیری,NNP
پیکر,NNP
کرکٹ,NNP
کرکٹ,NNP
مارچ,NNP
اپریل,NNP
ویسٹ‌انڈیز,NNP
کرکٹ,NNP
آسٹریلیا,NNP
باب‌وولمر,NNP
ویسٹ‌انڈیز,NNP
ویسٹ‌انڈیز,NNP
بھارت,NNP
پاکستان,NNP
برصغیر,NNP
پاک‌وہند,NNP
ویسٹ‌انڈیز,NNP
ڈالر,NNP
ویسٹ‌انڈیز,NNP
جنوبی‌افریقا,NNP
ہالینڈ,NNP
مارچ,NNP
جنوبی‌افریقا,NNP
ہرشل,NNP
گبز,NNP
برمودا,NNP
باؤچر,NNP
جنوبی‌افریقا,NNP
مارچ,NNP
کنگسٹن,NNP
پاکستان,NNP
کرکٹ,NNP
دنیائےکرکٹ,NNP
کرکٹ,NNP
انضمام‌الحق,NNP
ملتان,NNP
کرکٹ,NNP
باب‌وولمر,NNP
ملتان,NNP
جمیکا,NNP
باب‌وولمر,NNP
باب‌وولمر,NNP
رابرٹ,NNP
اینڈریو,NNP
وولمر,NNP
مئی,NNP
کان‌پور,NNP
کلیرنس,NNP
وولمر,NNP
بھارت,NNP
باب,NNP
بھارت,NNP
برطانیہ,NNP
باب‌وولمر,NNP
اولمپکس,NNP
ایتھنز,NNP
یونان,NNP
عامر,NNP
اولمپک,NNP
انگلستان,NNP
اولمپکس,NNP
برٹش‌اولمپک‌ایسوسی‌ایشن,NNP
عامرخان,NNP
عامر,NNP
برطانیہ,NNP
برطانیہ,NNP
اولمپکس,NNP
کولن,NNP
جونز,NNP
عامر,NNP
اولمپک,NNP
بلغاریہ,NNP
مکےبازی,NNP
سٹرانجاکپ,NNP
عامر,NNP
سٹرانجاکپ,NNP
اولمپکس,NNP
اولمپکس,NNP
عامرخان,NNP
بیجنگ,NNP
اولمپکس,NNP
عامر,NNP
مکےبازی,NNP
عامر,NNP
لاہور,NNP
مزنگ,NNP
گورنمنٹ‌کالج‌لاہور,NNP
کرکٹ,NNP
اسلامیہ‌کالج,NNP
گورنمنٹ‌کالج,NNP
اسلامیہ‌کالج,NNP
امتیازاحمد,NNP
شجاع‌الدین‌بٹ,NNP
اسرارعلی,NNP
اسلامیہ‌کالج,NNP
پاکستان,NNP
کرکٹ,NNP
ایم‌سی‌سی,NNP
پاکستان,NNP
سیالکوٹ,NNP
پاکستان,NNP
کراچی,NNP
بھارت,NNP
آئی‌سی‌سی,NNP
پاکستانی‌کرکٹ‌بورڈ,NNP
رانجی‌ٹرافی,NNP
کرکٹ,NNP
قائداعظم‌ٹرافی,NNP
کرکٹ,NNP
عامرخان,NNP
یورپ,NNP
عامرخان,NNP
سجادخان,NNP
برطانیہ,NNP
دسمبر,NNP
بولٹن,NNP
عامرخان,NNP
عامر,NNP
عامر,NNP
عامر,NNP
مکےبازی,NNP
محمدعلی,NNP
جارج‌فورمین,NNP
عامرخان,NNP
مکےبازی,NNP
سجادخان,NNP
ہالویل‌باکسنگ‌کلب,NNP
عامرخان,NNP
مکےبازی,NNP
مکےبازی,NNP
مک‌جیلی,NNP
عامر,NNP
مکےبازی,NNP
نپولین,NNP
بسمارک,NNP
ہارون‌الرشید,NNP
لینن,NNP
شطرنج,NNP
شطرنج,NNP
شطرنج,NNP
شطرنج,NNP
علامہ‌اقبالؒ,NNP
شطرنج,NNP
شطرنج,NNP
شطرنج,NNP
سنسکرت,NNP
چترانگ,NNP
شطرنج,NNP
سندھ,NNP
سسّہ,NNP
ہندوستان,NNP
ہندوستان,NNP
شاہراہ‌ریشم,NNP
چین,NNP
کوریا,NNP
جاپان,NNP
چین,NNP
چینی‌شطرنج,NNP
زیانگ‌گی,NNP
جاپان,NNP
شوگی,NNP
شطرنج,NNP
پشاور,NNP
سکوائش,NNP
عبدالمجیدخان,NNP
عبداللہ‌خان,NNP
خان,NNP
سکوائش,NNP
فیض‌اللہ‌خان,NNP
عبدالمجیدخان,NNP
دلشاد,NNP
فیض,NNP
روشن‌خان,NNP
روشن‌خان,NNP
نومبر,NNP
پشاور,NNP
نواں‌کلی,NNP
سکوائش,NNP
ٹینس,NNP
سکوائش,NNP
روشن‌خان,NNP
نصراللہ‌خان,NNP
سکوائش,NNP
پاکستان,NNP
روشن‌خان,NNP
نصراللہ,NNP
نئی‌دہلی,NNP
پاکستان,NNP
روشن‌خان,NNP
سکوائش,NNP
میتامرلی‌دھرن,NNP
کولمبو,NNP
مرلی,NNP
کرکٹ,NNP
کرکٹ,NNP
آسٹریلیا,NNP
مرلی,NNP
کھیترراما,NNP
کرکٹ,NNP
اگست,NNP
مرلی,NNP
مرلی‌دھرن,NNP
کرکٹ,NNP
چٹاگانگ,NNP
بنگلہ‌دیش,NNP
مرلی‌دھرن,NNP
کرکٹ,NNP
مرلی‌دھرن,NNP
شین‌وارن,NNP
مرلی,NNP
کرکٹ,NNP
انگلستان,NNP
گُلا,NNP
ذوالفقاراحمد,NNP
ذوالفقاراحمد,NNP
نومبر,NNP
لاہور,NNP
کرکٹ,NNP
کرکٹ,NNP
مشرقی‌افریقہ,NNP
انگلستان,NNP
ذوالفقار,NNP
عمروعیار,NNP
سہیل,NNP
جون,NNP
کراچی,NNP
اکتوبر,NNP
امرتسر,NNP
ہاکی,NNP
سہیل,NNP
عباس,NNP
پال,NNP
لیجن,NNP
سہیل,NNP
پاکستان,NNP
سہیل,NNP
ہاکی,NNP
ﷲ,NNP
سہیل,NNP
سہیل,NNP
سہیل,NNP
ہاکی,NNP
پاک‌بھارت,NNP
دہلی,NNP
سہیل,NNP
دلیپ‌ترکے,NNP
فرینکفرٹ,NNP
جرمنی,NNP
اکتوبر,NNP
فرینکفرٹ,NNP
جرمنی,NNP
جرمنی,NNP
یورو,NNP
جرمنی,NNP
لانس,NNP
آرمسٹرونگ,NNP
لنڈا,NNP
لانس,NNP
لنڈا,NNP
لانس,NNP
کرسٹین,NNP
مئی,NNP
کرسٹین,NNP
ستمبر,NNP
لانس,NNP
شیرل,NNP
لانس,NNP
لانس,NNP
ٹائمز,NNP
عراق,NNP
امریکہ,NNP
لانس,NNP
جارج,NNP
بش,NNP
عراق,NNP
جولائی,NNP
چاٹیوبرینٹ,NNP
سینٹ,NNP
برئیوک,NNP
چاٹیو,NNP
برینٹ,NNP
اینگرز,NNP
برینڈٹ,NNP
لوٹو,NNP
لانس,NNP
آرمسٹرونگ,NNP
ٹورڈی‌فرانس,NNP
آرمسٹرونگ,NNP
کورٹیکوائڈ,NNP
لانس,NNP
آرمسٹرونگ,NNP
سرطان,NNP
لانس,NNP
اولمپکس,NNP
اولمپکس,NNP
اولمپکس,NNP
جنوبی‌افریقہ,NNP
کینیا,NNP
امریکہ,NNP
اٹلی,NNP
ڈورانڈوپیٹری,NNP
یورپ,NNP
ٹام‌لانگ‌بوٹ,NNP
بوسٹن,NNP
برطانیہ,NNP
ٹام,NNP
چیک,NNP
پرائس,NNP
لارڈ,NNP
جنوبی‌افریقہ,NNP
حیفرون,NNP
اٹلی,NNP
ڈورانڈوپیٹری,NNP
جیک,NNP
پرائس,NNP
حیفرون,NNP
پرائس,NNP
حیفرون,NNP
سندھ,NNP
سمہ,NNP
سومرو,NNP
کلہوڑو,NNP
تالپور,NNP
ملاکھڑا,NNP
سندھ,NNP
تالپور,NNP
ملاکھڑا,NNP
ملاکھڑا,NNP
ملاکھڑا,NNP
ملاکھڑا,NNP
کرکٹ,NNP
ہاکی,NNP
بہرام,NNP
کراچی,NNP
بہرام,NNP
خاصخیلی,NNP
سندھ,NNP
رمیض,NNP
عامر,NNP
سہیل,NNP
راشد,NNP
لطیف,NNP
میانداد,NNP
وسیم,NNP
کرکٹ,NNP
وسیم,NNP
فیصل,NNP
اقبال,NNP
اسکوائش,NNP
جہانگیر,NNP
پاکستان‌اسکوائش‌فیڈریشن,NNP
رحمت‌خاں,NNP
اسلام‌آبادسپورٹس‌کمپلیکس,NNP
رحمت,NNP
خیال‌محمد,NNP
رحمت‌خان,NNP
جہانگیرخان,NNP
رحمت,NNP
جہانگیر,NNP
جہانگیرخان,NNP
جہانگیر,NNP
طورسم‌خان,NNP
لندن,NNP
انگلستان,NNP
امریکا,NNP
آسٹریلیا,NNP
کینیڈا,NNP
یورپ,NNP
امریکا,NNP
مکےبازی,NNP
امریکا,NNP
مکےبازی,NNP
مکےبازی,NNP
مکےبازی,NNP
آئرلینڈ,NNP
امریکا,NNP
آئرلینڈ,NNP
مکےبازی,NNP
مکےبازی,NNP
پیٹرجیکسن,NNP
سام‌لینگ‌فورڈ,NNP
جووالکاٹ,NNP
جارج‌ڈکسن,NNP
مکےبازی,NNP
جرمنی,NNP
اسکینڈےنیویا,NNP
یورپ,NNP
ٹونی‌کینزونیری,NNP
روکی‌مارکیانو,NNP
جانی‌ڈنڈی,NNP
ولی‌پیپ,NNP
جولوئیس,NNP
سنوکر,NNP
محمد,NNP
یوسف,NNP
اسکاٹ‌لینڈ,NNP
ہینڈری,NNP
بیس‌بال,NNP
ہینڈبال,NNP
پاکستان,NNP
محمدشفیق,NNP
بیس‌بال,NNP
کرکٹ,NNP
کرکٹ,NNP
بیس‌بال,NNP
تھائی‌لینڈ,NNP
پاکستان,NNP
ہینڈبال,NNP
زرعی‌یونیورسٹی‌فیصل‌آباد,NNP
پاکستان,NNP
کمال,NNP
کرن,NNP
ثناء,NNP
پاکستان,NNP
سوئمنگ‌فیڈریشن,NNP
کرکٹ,NNP
یورپ,NNP
خلیج,NNP
افریقہ,NNP
برصغیر,NNP
آسٹریلیا,NNP
یورپ,NNP
کرکٹ,NNP
کرکٹ,NNP
کرکٹ,NNP
کرکٹ,NNP
کرکٹ,NNP
کرکٹ,NNP
کرکٹ,NNP
کرکٹ,NNP
کرکٹ,NNP
کرکٹ,NNP
باسکٹ‌بال,NNP
باسکٹ‌بال,NNP
لیو,NNP
ایلن,NNP
باسکٹ‌بال,NNP
باسکٹ‌بال,NNP
باسکٹ‌بال,NNP
فٹ‌بال,NNP
فٹ‌بال,NNP
باسکٹ‌بال,NNP
ٹیل‌یونیورسٹی,NNP
اولمپک,NNP
باسکٹ‌بال,NNP
امریکا,NNP
جنگ‌عظیم,NNP
مکےبازی,NNP
امریکا,NNP
مکےبازی,NNP
ڈالروں,NNP
روس,NNP
فٹ‌بال,NNP
برطانیہ,NNP
لنکاشائر,NNP
ماسکو,NNP
فٹ‌بال,NNP
فٹ‌بال,NNP
موروزونسی,NNP
فٹ‌بال,NNP
ٹائم,NNP
پاکستان,NNP
روتھ,NNP
روتھ,NNP
موشے,NNP
دایان,NNP
روتھ,NNP
موشے,NNP
روتھ,NNP
اسرائیل,NNP
روتھ,NNP
موشے,NNP
دایان,NNP
انورالسادات,NNP
شرم‌الشیخ,NNP
بہاولپور,NNP
لاہور,NNP
کینال‌پارک,NNP
لاہور,NNP
گالف,NNP
جم‌خانہ,NNP
آسٹریلیا,NNP
پاکستان,NNP
آسٹریلیا,NNP
آسٹریلیا,NNP
انڈیا,NNP
آئی‌ٹی,NNP
پاکستان,NNP
پاکستان,NNP
آئی‌ٹی,NNP
لاہور,NNP
نورالعین,NNP
فاطمہ,NNP
انگریزی,NNP
نورالعین,NNP
فاطمہ,NNP
ڈیفنس,NNP
شمشاد,NNP
احمد,NNP
انگریزی,NNP
اُردو,NNP
قائداعظمؒ,NNP
ماؤنٹ‌بیٹن,NNP
ہندوپاک,NNP
پاکستان,NNP
پاکستان,NNP
نہرو,NNP
ہند,NNP
پاکستان,NNP
نہرو,NNP
ماؤنٹ‌بیٹن,NNP
ہند,NNP
کشمیر,NNP
حیدرآباد,NNP
دکن,NNP
گورداس‌پور,NNP
پاکستان,NNP
پاکستان,NNP
امریکہ,NNP
علامہ‌اقبال‌اوپن‌یونیورسٹی,NNP
علامہ‌اقبال‌اوپن‌یونیورسٹی,NNP
علامہ‌اقبال‌اوپن‌یونیورسٹی,NNP
عربی,NNP
پی‌ایچ‌ڈی,NNP
برصغیر,NNP
لاہور,NNP
رب,NNP
نواز,NNP
قاضی,NNP
فیض,NNP
محمد,NNP
میو,NNP
قاضی,NNP
فیض,NNP
محمد,NNP
امریکہ,NNP
امریکہ,NNP
پاکستان,NNP
اسلام‌آباد,NNP
ایم‌ایس‌سی,NNP
ﷲ,NNP
ﷲتعالیٰ,NNP
ﷲ‌تعالیٰ,NNP
دسمبر,NNP
اُردو,NNP
پاکستان,NNP
یوفون,NNP
رائے,NNP
ریاض,NNP
حسین,NNP
دسمبر,NNP
رائے,NNP
اسلام‌آباد,NNP
کامران,NNP
علی,NNP
میر,NNP
ظفراﷲ,NNP
جمالی,NNP
آغا,NNP
خاں,NNP
پاکستان,NNP
اسلام,NNP
بھارت,NNP
چین,NNP
پاکستان,NNP
جمالی,NNP
قریشی,NNP
پاکستان,NNP
پاکستان,NNP
پاکستان,NNP
پاکستان,NNP
پاکستان,NNP
پاکستان,NNP
امریکہ,NNP
امریکہ,NNP
ﷲ,NNP
امریکہ,NNP
روس,NNP
خورشید,NNP
حسن,NNP
خورشید,NNP
کےایچ,NNP
خورشید,NNP
قائداعظم,NNP
اکتوبر,NNP
پاکستان,NNP
انگلستان,NNP
ثریا,NNP
نور,NNP
نور,NNP
حسین,NNP
جموں,NNP
کشمیر,NNP
فاطمہ,NNP
جناح,NNP
جنوری,NNP
کراچی,NNP
مادرملت,NNP
ثریا,NNP
خورشید,NNP
مئی,NNP
مارچ,NNP
اپریل,NNP
راولپنڈی,NNP
ثریا,NNP
مادرملت,NNP
ثریا,NNP
فاطمہ,NNP
جناح,NNP
مادرملت,NNP
ثریا,NNP
پاکستان,NNP
مادرملت,NNP
ہارون,NNP
کیانی,NNP
کیانی,NNP
فاطمہ,NNP
جناح,NNP
ہارون,NNP
کیانی,NNP
کیانی,NNP
فاطمہ,NNP
جناح,NNP
اکتوبر,NNP
بنگال,NNP
پاکستان,NNP
بنگال,NNP
راج‌شاہی,NNP
ڈھاکہ,NNP
چٹاگانگ,NNP
محمد,NNP
عبدالرشید,NNP
ثریا,NNP
رشید,NNP
عظمیٰ,NNP
رشید,NNP
عبدالرشید,NNP
فائزہ,NNP
رشید,NNP
سعدیہ,NNP
رشید,NNP
اقصیٰ,NNP
رشید,NNP
عبدالرشید,NNP
عبدالرشید,NNP
اقصیٰ,NNP
رشید,NNP
سہیل,NNP
وڑائچ,NNP
بھارت,NNP
پاکستان,NNP
الطاف,NNP
حسین,NNP
انڈیا,NNP
پاکستان,NNP
انڈیا,NNP
انڈیا,NNP
انڈیا,NNP
انڈیا,NNP
انڈیا,NNP
انڈیا,NNP
آئی‌ایم‌ایف,NNP
ورلڈبینک,NNP
انڈیا,NNP
انڈیا,NNP
عطاءاللّٰہ,NNP
مینگل,NNP
بلوچستان,NNP
بھٹو,NNP
بھٹو,NNP
بلوچستان,NNP
کراچی,NNP
بھٹو,NNP
بھٹو,NNP
پاکستان,NNP
علامہ,NNP
انارکلی,NNP
میکلوڈ,NNP
علامہ,NNP
سردارفاروق‌احمدخاں‌لغاری,NNP
لغاری,NNP
سردارفاروق‌لغاری,NNP
پنجاب,NNP
بھٹو,NNP
پیپلزپارٹی,NNP
ذوالفقارعلی‌بھٹو,NNP
لغاری,NNP
ضیاءالحق,NNP
بےنظیر,NNP
لغاری,NNP
پرویز,NNP
مشرف,NNP
اویس,NNP
لغاری,NNP
پاکستان,NNP
بلوچستان,NNP
بلوچستان,NNP
ایران,NNP
عراق,NNP
پنجاب,NNP
بلوچستان,NNP
افغانستان,NNP
غفور,NNP
حیدری,NNP
عابد,NNP
حسین,NNP
بروہی,NNP
حسین,NNP
احمد,NNP
پنجاب,NNP
بلوچستان,NNP
بلوچستان,NNP
تل‌ابیب,NNP
روتھ,NNP
دایان,NNP
روتھ,NNP
اسرائیل,NNP
موشے,NNP
دایان,NNP
موشے,NNP
دایان,NNP
مشرقی‌یروشلم,NNP
غزہ,NNP
گولان,NNP
دایان,NNP
دایان,NNP
روتھ,NNP
اسرائیل,NNP
روتھ,NNP
اسرائیل,NNP
اسرائیل,NNP
عرب,NNP
اسرائیل,NNP
نیتن‌یاہو,NNP
لیکوڈ,NNP
اسرائیل,NNP
نیتنیاہو,NNP
اسرائیل,NNP
جوہرٹاؤن,NNP
ڈیفنس,NNP
بھٹہ‌چوک,NNP
نیٹ‌سول,NNP
پاکستان,NNP
سلیم,NNP
غوری,NNP
پاکستان,NNP
آئی‌ٹی,NNP
نیٹ‌سول,NNP
لاہور,NNP
نیٹ‌سول,NNP
سلیم,NNP
غوری,NNP
پاکستان,NNP
نیٹ‌سول,NNP
آسٹریلیا,NNP
آئی‌ٹی,NNP
آئی‌ٹی,NNP
آئی‌ٹی,NNP
پنجاب,NNP
آسٹریلیا,NNP
مئی,NNP
سی‌ایس‌ایس,NNP
نورالعین,NNP
فاطمہ,NNP
ڈیفنس,NNP
محمد,NNP
عطاءالرحمن,NNP
بٹ,NNP
حبیب,NNP
قرۃالعین,NNP
کنگ,NNP
ایڈورڈ,NNP
اُردو,NNP
نورالعین,NNP
فاطمہ,NNP
لاہور,NNP
کنگ,NNP
ایڈورڈ,NNP
لاہور,NNP
اُردو,NNP
کنیئرڈ,NNP
لاہور,NNP
انٹرمیڈیٹ,NNP
کنگ,NNP
ایڈورڈ,NNP
ایم‌بی‌بی‌ایس,NNP
نورالعین,NNP
فاطمہ,NNP
طارق,NNP
زیاد,NNP
قائداعظمؒ,NNP
ہسپانیہ,NNP
مدینہ,NNP
پاک,NNP
قائداعظمؒ,NNP
پاکستان,NNP
قائدؒ,NNP
دسمبر,NNP
یومِ‌قائداعظمؒ,NNP
پاکستان,NNP
جناح,NNP
ماؤنٹ‌بیٹن,NNP
گاندھی,NNP
نہرو,NNP
قائد,NNP
علامہ‌اقبال‌اوپن‌یونیورسٹی,NNP
محمودالحسن,NNP
بٹ,NNP
علامہ‌اقبال‌اوپن‌یونیورسٹی,NNP
محمودالحسن,NNP
بٹ,NNP
علامہ‌اقبال‌اوپن‌یونیورسٹی,NNP
پاکستان,NNP
علامہ‌اقبال‌اوپن‌یونیورسٹی,NNP
علامہ‌اقبال‌اوپن‌یونیورسٹی,NNP
اسلام‌آباد,NNP
الطاف,NNP
حسین,NNP
محمودالحسن,NNP
بٹ,NNP
ہائیرایجوکیشن‌کمیشن,NNP
محمودالحسن,NNP
بٹ,NNP
لاہور,NNP
گورنمنٹ‌کالج‌لاہور,NNP
پنجاب,NNP
لاہور,NNP
ایم‌اے,NNP
انگلش,NNP
انڈیانا,NNP
محمودالحسن,NNP
بٹ,NNP
پاکستان,NNP
امریکہ,NNP
ایسٹرن,NNP
ایلونس,NNP
انڈیانا,NNP
قاضی,NNP
قازقستان,NNP
بھارت,NNP
قاضی,NNP
قاضی,NNP
کوہ‌ہندوکش,NNP
قاضی,NNP
محبوب,NNP
سندھو,NNP
امریکہ,NNP
پی‌ایچ‌ڈی,NNP
ایم‌ایس‌سی,NNP
جینیات,NNP
آنرز,NNP
ایم‌ایس‌سی,NNP
کراچی,NNP
جینیات,NNP
جینیات,NNP
علم,NNP
جینیات,NNP
جینیات,NNP
کامران,NNP
علی,NNP
پاکستان,NNP
راؤ,NNP
سکندر,NNP
اقبال,NNP
میر,NNP
ظفرﷲ,NNP
خاں,NNP
جمالی,NNP
شجاع,NNP
سندھ,NNP
رائے,NNP
ریاض,NNP
شعیب,NNP
عزیز,NNP
رفیق,NNP
حبیب,NNP
حبیب,NNP
احمد,NNP
بشیر,NNP
احمد,NNP
مجاہد,NNP
بشیر,NNP
احمد,NNP
مجاہد,NNP
جمعہ,NNP
میرٹھ,NNP
بلی,NNP
ﷲ,NNP
پاکستان,NNP
دہلی,NNP
جناح,NNP
صاحبہ,NNP
یورپ,NNP
امریکہ,NNP
کیانی,NNP
ہارون,NNP
کیانی,NNP
پنجاب,NNP
اپریل,NNP
اکتوبر,NNP
نومبر,NNP
ہارون,NNP
کیانی,NNP
کوہاٹ,NNP
شاہ‌پور,NNP
کوہاٹ,NNP
اسلامیہ,NNP
کالج,NNP
پشاور,NNP
انٹرمیڈیٹ,NNP
ایڈورڈ,NNP
کالج,NNP
پشاور,NNP
گورنمنٹ‌کالج‌لاہور,NNP
انگریزی,NNP
فارسی,NNP
ہارون,NNP
کیانی,NNP
لاہور,NNP
ایوب,NNP
خان,NNP
گوجرانوالہ,NNP
بختیار,NNP
رانا,NNP
بختیار,NNP
رانا,NNP
دسمبر,NNP
اردو,NNP
حسن,NNP
عباس,NNP
اُردو,NNP
رئیس,NNP
راحت,NNP
عباس,NNP
رحیم‌یارخان,NNP
جنوری,NNP
اُردو,NNP
اردو,NNP
اردو,NNP
جولائی,NNP
دسمبر,NNP
اُردو,NNP
اردو,NNP
اردو,NNP
ڈینگی,NNP
گرما,NNP
ارباب,NNP
شربتِ‌بزوری,NNP
تخم‌ملنگاں,NNP
تخم‌ملنگاں,NNP
اللہ‌تعالیٰ,NNP
اللہ,NNP
اُردو,NNP
اردو,NNP
فروری,NNP
اردو,NNP
فروری,NNP
بشیر,NNP
احمد,NNP
بہاول‌پور,NNP
پطرس,NNP
بخاریؒ,NNP
عجوہ,NNP
عجوہ,NNP
میمونہ,NNP
کراچی,NNP
عجوہ,NNP
عائشہ,NNP
صدیقہؓ,NNP
رسولؐ,NNP
عجوہ,NNP
مسلم,NNP
عجوہ,NNP
سعد,NNP
وقاصؓ,NNP
رسولؐ,NNP
حارث,NNP
کلدہ,NNP
ثقیف,NNP
مدینہ,NNP
عجوہ,NNP
عجوہ,NNP
جنت,NNP
سعودی‌عرب,NNP
عجوہ,NNP
آب‌زم‌زم,NNP
عجوہ,NNP
عجوہ,NNP
مدینہ,NNP
عجوہ,NNP
اسحاق,NNP
موتہ,NNP
خالدؓ,NNP
ولید,NNP
اسحاق,NNP
واقدی,NNP
رواحہؓ,NNP
خالدؓ,NNP
ولید,NNP
موسیٰ,NNP
عقبہ,NNP
موتہ,NNP
سبرہ,NNP
الغسانی,NNP
کثیرؒ,NNP
البدایہ,NNP
النہایہ,NNP
اسحاق,NNP
خالدؓ,NNP
اسلام,NNP
رومی,NNP
خالد,NNP
اللہ,NNP
البدایہ,NNP
النہایہ,NNP
عمارہ,NNP
میر,NNP
شملہ,NNP
محمد,NNP
اعظم,NNP
شالامار,NNP
لاہور,NNP
جیو,NNP
بول,NNP
مہرین,NNP
شوکت,NNP
اقبال,NNP
لاہور,NNP
سمیرا,NNP
فرزانہ,NNP
آزادکشمیر,NNP
مشرق,NNP
عمرانہ,NNP
خالدہ,NNP
اکرام,NNP
گوشۂ‌اشفاق,NNP
بی‌اے,NNP
اُردو,NNP
اُردو,NNP
جنابِ‌اخترعباس,NNP
اُردو,NNP
ستمبر,NNP
جنابِ‌الطاف‌حسن,NNP
قریشی,NNP
پاکستان,NNP
پاکستان,NNP
الطاف,NNP
حسین,NNP
پاکستان,NNP
قائداعظم,NNP
قیامِ‌پاکستان,NNP
اشفاق,NNP
احمد,NNP
سیّد,NNP
ریاض,NNP
حسین,NNP
ساہیوال,NNP
اُردو,NNP
اُردو,NNP
خدا,NNP
الطاف,NNP
حسن,NNP
قریشی,NNP
نقی,NNP
حسین,NNP
نقی,NNP
امروہوی,NNP
کراچی,NNP
شہاب,NNP
احمد,NNP
لاہور,NNP
سیون‌اَپ,NNP
ذیشان,NNP
حیدر,NNP
ملتان,NNP
اُردو,NNP
اردو,NNP
ریڈرز‌ڈائجسٹ,NNP
جولائی,NNP
پاکستان,NNP
پی‌ٹی‌وی,NNP
نصرت,NNP
رحیم,NNP
بخاری,NNP
اٹک,NNP
اُردو,NNP
اردو,NNP
اُردو,NNP
قرآن,NNP
کراچی,NNP
اللہ‌تعالیٰ,NNP
محمد,NNP
علی,NNP
جناح,NNP
قائداعظم,NNP
پاکستان,NNP
پاکستان,NNP
پاکستان,NNP
پاکستان,NNP
سقوطِ‌ڈھاکا,NNP
دسمبر,NNP
کراچی,NNP
محمد,NNP
یونس,NNP
صغیرہ,NNP
بانو,NNP
شیریں,NNP
اُردو,NNP
خدیجہ,NNP
اقبال,NNP
اپریل,NNP
اللہ‌تعالیٰ,NNP
اُردو,NNP
جاوید,NNP
خورشید,NNP
نیازی,NNP
لاڑکانہ,NNP
اُردو,NNP
مارچ,NNP
آصف,NNP
محمود,NNP
جاہ,NNP
اللہ‌پاک,NNP
سمیر,NNP
طارق,NNP
زیاد,NNP
اللہ,NNP
ایم‌بی‌بی‌ایس,NNP
کاروان‌علم‌فاؤنڈیشن,NNP
پاکستان,NNP
پاکستان,NNP
پاکستان,NNP
پاکستان,NNP
پاکستان,NNP
پاکستان,NNP
عدالتِ‌عظمیٰ,NNP
ظفراللہ,NNP
ربِ‌عظیم,NNP
پاکستان,NNP
پاکستان,NNP
لاہور,NNP
پنجاب,NNP
پنجاب,NNP
انعام‌الحسن,NNP
کاشمیری,NNP
پنجاب,NNP
ستمبر,NNP
ستمبر,NNP
محمد,NNP
خلیل,NNP
دینہ,NNP
انگلش,NNP
پی‌ٹی‌وی,NNP
پاکستان,NNP
پاکستان,NNP
پائنا,NNP
ظفر,NNP
پائنا,NNP
الطاف,NNP
حسن,NNP
احمد,NNP
کمال,NNP
اسلام‌آباد,NNP
رمضان,NNP
پائنا,NNP
سرتاج,NNP
عزیز,NNP
وحید,NNP
انور,NNP
وحید,NNP
اردو,NNP
جون,NNP
اردو,NNP
بلال,NNP
احمد,NNP
گگھرمنڈی,NNP
جون,NNP
اولیول,NNP
اردو,NNP
علینہ,NNP
امجد,NNP
گوجرانوالہ,NNP
اردو,NNP
کاروان‌علم‌فاؤنڈیشن,NNP
اردو,NNP
علومِ‌عامہ,NNP
جون,NNP
اردو,NNP
ایف‌ایس‌سی,NNP
ایف‌ایس‌سی,NNP
ایم‌بی‌بی‌ایس,NNP
ایف‌ایس‌سی,NNP
چین,NNP
ایم‌بی‌بی‌ایس,NNP
رعنا,NNP
بتول,NNP
سیالکوٹ,NNP
شریفاں,NNP
شاہدرہ,NNP
مئی,NNP
اردو,NNP
اردو,NNP
اُردو,NNP
قریشی,NNP
قریشی,NNP
الطاف,NNP
حسن,NNP
قریشی,NNP
بختیار,NNP
لاہور,NNP
آمنہ‌الزہرہ,NNP
لاہور,NNP
اللہ,NNP
کراچی,NNP
سانگھڑ,NNP
کراچی,NNP
بھارت,NNP
پائنا,NNP
پاکستان,NNP
پائنا,NNP
پاکستان,NNP
اللہ,NNP
محمد,NNP
ارشد,NNP
بہاول‌نگر,NNP
پائنا,NNP
اکتوبر,NNP
الطاف,NNP
حسن,NNP
قریشی,NNP
کراچی,NNP
خیبر,NNP
اردو,NNP
الطاف,NNP
حسن,NNP
قریشی,NNP
کاروان‌علم‌فاؤنڈیشن,NNP
ایف‌ایس‌سی,NNP
پری‌انجینئرنگ,NNP
شمس‌الزماں,NNP
پشاور,NNP
سرسیدؒ,NNP
انگریزی,NNP
قالﷲ,NNP
قال‌الرسولؐ,NNP
خانپور,NNP
چکوال,NNP
فضل‌الرحمن,NNP
کلام‌پاک,NNP
اردو,NNP
فارسی,NNP
نعیم‌صدیقی,NNP
فضل‌الرحمن,NNP
نعیم‌صدیقی,NNP
عفت,NNP
نعیم,NNP
صدیقیؒ,NNP
جون,NNP
ستمبر,NNP
ﷲ,NNP
نعیم,NNP
منشی‌فاضل,NNP
لاہور,NNP
عزت‌اللہ‌وثیر,NNP
وثیر,NNP
وثیر,NNP
آفتاب,NNP
وثیر,NNP
حرمین‌شریفین,NNP
پاکستان,NNP
جنت,NNP
خدابخش,NNP
لاہور,NNP
بشکو,NNP
خدابخش,NNP
بشکو,NNP
خدابخش,NNP
خدابخش,NNP
خدابخش,NNP
بشکو,NNP
خدابخش,NNP
قربان,NNP
لاہور,NNP
سگیاں,NNP
میوہسپتال,NNP
آکسیجن,NNP
رخشندہ,NNP
بی‌پازٹیو,NNP
گریوز,NNP
گریوز,NNP
مینی‌سوٹا,NNP
کولمبیا,NNP
کانٹی‌نینٹل,NNP
عائشہ,NNP
امریکا,NNP
فورٹ‌سِل,NNP
دہلی,NNP
مئی,NNP
بہادر,NNP
شاہ,NNP
ظفر,NNP
جولائی,NNP
بخت,NNP
خاں,NNP
دہلی,NNP
بہادر,NNP
ستمبر,NNP
دہلی,NNP
ستمبر,NNP
بخت,NNP
خاں,NNP
اودھ,NNP
دہلی,NNP
ہمایوں,NNP
مرزا,NNP
الٰہی,NNP
بخش,NNP
بہادر,NNP
شاہ,NNP
بخت,NNP
خاں,NNP
مرزا,NNP
بخت,NNP
خاں,NNP
بخت,NNP
خاں,NNP
دہلی,NNP
اودھ,NNP
مرزا,NNP
الٰہی,NNP
بخش,NNP
مولوی,NNP
رجب,NNP
علی,NNP
مرزا,NNP
الٰہی‌بخش,NNP
ہمایوں,NNP
مولوی,NNP
رجب,NNP
علی,NNP
ہڈسن,NNP
ہڈسن,NNP
کمال‌الدین,NNP
حیدر,NNP
حسینی,NNP
قیصرالتواریخ,NNP
مولوی,NNP
رجب,NNP
علی,NNP
خاں,NNP
امریکہ,NNP
اسلام,NNP
بامیان,NNP
گوتم‌بدھ,NNP
جاپان,NNP
سری‌لنکا,NNP
بھارت,NNP
گوتم,NNP
بدھ,NNP
امریکہ,NNP
احمدپور,NNP
سیال,NNP
چاہ‌بہمن,NNP
محرّم,NNP
لک,NNP
محرّم,NNP
لک,NNP
جرمنی,NNP
محرّم,NNP
لک,NNP
جرمن,NNP
احمدپور,NNP
سیال,NNP
محرّم,NNP
لک,NNP
مخدوم,NNP
نذر,NNP
حسین,NNP
قریشی,NNP
حسوبلیل,NNP
محرّم,NNP
احمدپور,NNP
سیال,NNP
رتن‌چند‌زرگر,NNP
وینس,NNP
شمال,NNP
اٹلی,NNP
وینس,NNP
ایڈریاٹک,NNP
وینس,NNP
وِی‌نَس,NNP
وَینِس,NNP
وینس,NNP
ویپوریتو,NNP
ﷲ‌تعالیٰ,NNP
کتابِ‌حکمت,NNP
البلد,NNP
شیطان,NNP
مرزاغالب,NNP
اسد,NNP
ستمبر,NNP
اکتوبر,NNP
رمضان‌المبارک,NNP
اللہ‌تعالیٰ,NNP
پاکستان,NNP
سانگھڑ,NNP
سندھ,NNP
الطاف,NNP
نبی,NNP
ڈار,NNP
محمد,NNP
سعید,NNP
پاکستان,NNP
سانگھڑ,NNP
ہمدرد,NNP
کراچی,NNP
رضوانہ,NNP
انصاری,NNP
عبدالصمد,NNP
محمد,NNP
عمران,NNP
اسحاق,NNP
محمد,NNP
انیس,NNP
خان,NNP
سانگھڑ,NNP
الطاف,NNP
نبی,NNP
ڈار,NNP
سانگھڑ,NNP
اسکواش,NNP
اسکواش,NNP
پاکستان,NNP
جہانگیر,NNP
خان,NNP
الطاف,NNP
نبی,NNP
ڈار,NNP
الطاف,NNP
نبی,NNP
ڈار,NNP
پاکستان,NNP
الطاف,NNP
نبی,NNP
ڈار,NNP
پائنا,NNP
خورشید,NNP
احمد,NNP
آصف,NNP
احمد,NNP
علی,NNP
پائنا,NNP
آفاق,NNP
آفاق,NNP
ایسوسی‌ایشن‌فار‌اکیڈیمک‌کوالٹی,NNP
پاکستان,NNP
القاعدہ,NNP
ورلڈٹریڈسنٹر,NNP
نیروبی,NNP
جارج,NNP
ٹینٹ,NNP
مائیکل,NNP
شوئیر,NNP
امریکہ,NNP
القاعدہ,NNP
القاعدہ,NNP
افغانستان,NNP
امریکہ,NNP
امریکہ,NNP
افریقہ,NNP
مشرقِ‌وسطیٰ,NNP
مصر,NNP
ایمن,NNP
الظواہری,NNP
یمن,NNP
القاعدہ,NNP
امریکہ,NNP
لیبیا,NNP
صومالیہ,NNP
امریکہ,NNP
قرآن,NNP
الروم,NNP
ایران,NNP
عرب,NNP
غزوۂاحزاب,NNP
اسلام,NNP
مکہ,NNP
حدیبیہ,NNP
یہودِ‌خیبر,NNP
نبیؐ,NNP
اسلام,NNP
قیصر,NNP
روم,NNP
ہرقل,NNP
‌اسلام,NNP
حارث,NNP
عمیر,NNP
ازدیؓ,NNP
بصریٰ,NNP
شام,NNP
غسانی,NNP
مؤتہ,NNP
اردن,NNP
شرحبیل,NNP
عمرو,NNP
غسانی,NNP
رسول,NNP
اللہ,NNP
جمادی‌الاولیٰ,NNP
زیدؓ,NNP
حارثہ,NNP
آپؐ,NNP
زید,NNP
جعفرؓ,NNP
طالب,NNP
عبداللہؓ,NNP
رواحہ,NNP
خالدؓ,NNP
ولید,NNP
مدینہ,NNP
مشرف‌بہ‌اسلام,NNP
نبیؐ,NNP
حارثؓ,NNP
اسلام,NNP
اردن,NNP
معان,NNP
قیصر,NNP
مواب,NNP
شمال,NNP
اردن,NNP
غزوۂاحد,NNP
مدینہ,NNP
‌اسلام,NNP
احد,NNP
مدینہ,NNP
شمال,NNP
غزوۂاحد,NNP
رسول,NNP
اللہ,NNP
رسول,NNP
اللہ,NNP
اللہ,NNP
رسول,NNP
ابودجانہؓ,NNP
رسول,NNP
اللہ,NNP
رسول,NNP
‌اللہ,NNP
ابودجانہؓ,NNP
رسول,NNP
‌اللہ,NNP
اللہ,NNP
ابودجانہؓ,NNP
اللہ,NNP
آپؐ,NNP
ابودجانہؓ,NNP
اللہ,NNP
نبیؐ,NNP
ابوھریرہ,NNP
رسول,NNP
اللہ,NNP
رسولؐ‌اللہ,NNP
یمن,NNP
قحطان,NNP
ازد,NNP
صحر,NNP
میمونہ,NNP
سمیہّ,NNP
ابوھریرہ,NNP
بعثتِ‌‌نبویؐ,NNP
یمن,NNP
عبدالشمس,NNP
اسلام,NNP
رسولؐ‌اللہ,NNP
عبدالرحمن,NNP
ابوھریرہؓ,NNP
رسول,NNP
اللہ,NNP
عبدالرحمن,NNP
ابوھریرہؓ,NNP
اسلام,NNP
یمن,NNP
دوس,NNP
طفیل,NNP
عمر,NNP
نبی‌کریمؐ,NNP
اسلام,NNP
یمن,NNP
نبی‌کریم,NNP
اسلام,NNP
اسلام,NNP
ابوھریرہ,NNP
دی‌مجیٹ,NNP
امریکا,NNP
اوہایو,NNP
ڈیٹن,NNP
رائٹ‌سائیکل‌کمپنی,NNP
ولبر,NNP
آرویل,NNP
پنجاب,NNP
دیپال‌پور,NNP
ملتان,NNP
دیپال‌پور,NNP
دیپال‌پور,NNP
دیپال‌پور,NNP
برصغیر,NNP
پاک‌وہند,NNP
دیپال‌پور,NNP
دیپال,NNP
دیپال,NNP
سنگھ,NNP
دیپال‌پور,NNP
اوکاڑہ,NNP
اوکاڑہ,NNP
چنگیز,NNP
خان,NNP
خوارزم,NNP
سمرقند,NNP
بخارا,NNP
ہندوستان,NNP
التمش,NNP
لاہور,NNP
ملتان,NNP
دیپال‌پور,NNP
التمش,NNP
بابر,NNP
سکھ,NNP
انگریزی,NNP
سپرسیون,NNP
پاکستان,NNP
امریکا,NNP
روس,NNP
امریکا,NNP
فرانس,NNP
چین,NNP
پاکستان,NNP
چین,NNP
فرانس,NNP
چین,NNP
فلائی‌بائی‌وائرسسٹم,NNP
پروٹون‌ایکسچینج‌میمبرین,NNP
پاکستان,NNP
کرکٹ,NNP
کرکٹ,NNP
جنگ‌عظیم,NNP
جرمنی,NNP
کرکٹ,NNP
یورپ,NNP
کرکٹ,NNP
یورپ,NNP
یورپ,NNP
یورپ,NNP
سورج,NNP
بیڈمنٹن,NNP
اسکوائش,NNP
باسکٹ‌بال,NNP
ٹینس,NNP
تاش,NNP
امریکہ,NNP
جیمز,NNP
اسمتھ,NNP
لوتھرگولک,NNP
باسکٹ‌بال,NNP
اولمپک,NNP
باسکٹ‌بال,NNP
دسمبر,NNP
میساچوسٹس,NNP
جیمزنےاسمتھ,NNP
جیمز,NNP
امریکہ,NNP
کینیڈا,NNP
نےاسمتھ,NNP
نےاسمتھ,NNP
باسکٹ‌بال,NNP
اسمتھ,NNP
فٹ‌بال,NNP
دنیائےکرکٹ,NNP
کرکٹ,NNP
فائزہ,NNP
رشید,NNP
ایف‌ایس‌سی,NNP
ایم‌ایس‌سی,NNP
عظمیٰ,NNP
رشید,NNP
خان,NNP
عبدالولی,NNP
خان,NNP
نسیم,NNP
ولی,NNP
خان,NNP
الطاف,NNP
حسین,NNP
عطااللہ,NNP
مینگل,NNP
اکبر,NNP
بگٹی,NNP
ممتاز,NNP
بھٹو,NNP
عبدالحفیظ,NNP
پیرزادہ,NNP
رسول,NNP
بخش,NNP
پلیجو,NNP
حاکم,NNP
علی,NNP
زرداری,NNP
قادر,NNP
مگسی,NNP
سہیل,NNP
جنگ,NNP
پنجاب,NNP
پنجاب,NNP
پاکستان,NNP
سہیل,NNP
سہیل,NNP
پاکستان,NNP
بلوچستان,NNP
بلوچستان,NNP
نفسیات,NNP
بلوچستان,NNP
کوئٹہ,NNP
جنوب,NNP
مشرق,NNP
قلات,NNP
خضدار,NNP
اسلام,NNP
بلوچستان,NNP
خان,NNP
قلات,NNP
کوئٹہ,NNP
جنوب,NNP
مشرق,NNP
قلات,NNP
خضدار,NNP
مکران,NNP
سبّی,NNP
بگٹی,NNP
مری,NNP
جعفرآباد,NNP
سنڈےمن,NNP
جان,NNP
جیکب,NNP
سندھ,NNP
سندھ,NNP
بلوچستان,NNP
جان,NNP
جیکب,NNP
سنڈےمن,NNP
سنڈےمن,NNP
جان,NNP
جیکب,NNP
سنڈےمن,NNP
نواب,NNP
بگٹی,NNP
نواب,NNP
مری,NNP
نواب,NNP
لغاری,NNP
مزاری,NNP
خان,NNP
قلات,NNP
خان,NNP
قلات,NNP
سنڈےمن,NNP
خان,NNP
قلات,NNP
انگریزی,NNP
جنوری,NNP
پاکستان,NNP
دُبئی,NNP
قطر,NNP
آسٹریلیا,NNP
پاکستان,NNP
پاکستان,NNP
پاکستانیت,NNP
امریکہ,NNP
امریکہ,NNP
شمع,NNP
میر,NNP
عمارہ,NNP
سی,NNP
الطاف,NNP
حسن,NNP
قریشی,NNP
طیب,NNP
اعجاز,NNP
قریشی,NNP
شفیق,NNP
احمد,NNP
اُردو,NNP
پنجاب,NNP
طیب,NNP
اعجاز,NNP
قریشی,NNP
جون,NNP
اُردو,NNP
جنوری,NNP
الطاف,NNP
حسن,NNP
قریشی,NNP
اُردو,NNP
پاکستان,NNP
اردو,NNP
اُردو,NNP
اردو,NNP
رعنا,NNP
بتول,NNP
پاکستان,NNP
دہلی,NNP
پاکستان,NNP
ٹوئٹر,NNP
پاکستان,NNP
بھارت,NNP
شملہ,NNP
پاکستان,NNP
سرتاج,NNP
عزیز,NNP
بھارت,NNP
دہلی,NNP
پاکستان,NNP
اکستان,NNP
بھارت,NNP
پاکستان,NNP
دہلی,NNP
پاکستان,NNP
ھارت,NNP
بھارت,NNP
پاکستان,NNP
بھارت,NNP
بھارت,NNP
پاکستان,NNP
بھارت,NNP
پاکستان,NNP
بھارت,NNP
بھارت,NNP
پاکستان,NNP
بھارت,NNP
بھارت,NNP
پاکستان,NNP
کشمیر,NNP
پاکستان,NNP
پاکستان,NNP
پاکستان,NNP
افغانستان,NNP
پاکستان,NNP
افغانستان,NNP
افغانستان,NNP
حسین,NNP
پاکستان,NNP
پاکستان,NNP
پاکستان,NNP
پاکستان,NNP
پاکستان,NNP
پاکستان,NNP
افغانستان,NNP
پاکستان,NNP
پاکستان,NNP
حسین,NNP
پاکستان,NNP
پاکستان,NNP
دسمبر,NNP
پشاور,NNP
پاکستان,NNP
پاکستان,NNP
افغانستان,NNP
افغانستان,NNP
پاکستان,NNP
برطانیہ,NNP
یمن,NNP
یمن,NNP
فروری,NNP
یمن,NNP
مارچ,NNP
یمن,NNP
عرب,NNP
القاعدہ,NNP
جنوب,NNP
جنوب,NNP
مارچ,NNP
یمن,NNP
برطانیہ,NNP
ایران,NNP
ایران,NNP
برطانیہ,NNP
ایران,NNP
ایران,NNP
برطانیہ,NNP
ایران,NNP
2003,NNP
ایران,NNP
برطانیہ,NNP
ایران,NNP
جون,NNP
ایران,NNP
برطانیہ,NNP
ایران,NNP
برطانیہ,NNP
حسن,NNP
جون,NNP
2013,NNP
برطانیہ,NNP
ایران,NNP
ایران,NNP
بھارت,NNP
پاکستان,NNP
پاکستان,NNP
بھارت,NNP
امریکہ,NNP
23,NNP
24,NNP
اگست,NNP
دہلی,NNP
پاکستان,NNP
دہلی,NNP
پاکستان,NNP
پاکستان,NNP
پاکستان,NNP
بھارت,NNP
بھارت,NNP
پاکستان,NNP
بھارت,NNP
بھارت,NNP
کشمیر,NNP
پاکستان,NNP
بھارت,NNP
سرتاج,NNP
عزیز,NNP
دہلی,NNP
پاکستان,NNP
کشمیر,NNP
سرتاج,NNP
عزیز,NNP
پاکستان,NNP
بھارت,NNP
دہلی,NNP
سرتاج,NNP
عزیز,NNP
پاکستان,NNP
بھارت,NNP
بھارت,NNP
بھارت,NNP
سرتاج,NNP
عزیز,NNP
بھارت,NNP
پاکستان,NNP
بھارت,NNP
بھارت,NNP
بھارت,NNP
پاکستان,NNP
پاکستان,NNP
کشمیر,NNP
بھارت,NNP
پاکستان,NNP
پاکستان,NNP
بھارت,NNP
پاکستان,NNP
بھارت,NNP
23,NNP
24,NNP
اگست,NNP
دہلی,NNP
معین,NNP
علی,NNP
پیٹر,NNP
آسٹریلیا,NNP
آسٹریلیا,NNP
بھون,NNP
سنگھ,NNP
ایوب,NNP
فرانس,NNP
سپین,NNP
فرانس,NNP
جمعہ,NNP
روم,NNP
تائیوان,NNP
مئی,NNP
بنگلہ,NNP
مئی,NNP
ملائیشیا,NNP
اللہ,NNP
کیمبرج,NNP
لیبیا,NNP
لیبیا,NNP
اٹلی,NNP
روم,NNP
روم,NNP
پاکستان,NNP
سرتاج,NNP
عزیز,NNP
ہندوستان,NNP
پاکستان,NNP
پاکستان,NNP
سرتاج,NNP
عزیز,NNP
بھارت,NNP
کشمیر,NNP
سرتاج,NNP
عزیز,NNP
پاکستان,NNP
بھارت,NNP
کشمیر,NNP
بھارت,NNP
کشمیر,NNP
کشمیر,NNP
پاکستان,NNP
بھارت,NNP
برطانیہ,NNP
ایران,NNP
حسن,NNP
ایران,NNP
اسلامیہ,NNP
ایران,NNP
افغانستان,NNP
یورپ,NNP
ایران,NNP
برطانیہ,NNP
بدر,NNP
برطانیہ,NNP
ولیم,NNP
جون,NNP
2013,NNP
برطانیہ,NNP
ایران,NNP
اسلامیہ,NNP
یونیسکو,NNP
یونیسکو,NNP
عراق,NNP
اسلامیہ,NNP
کوریا,NNP
کوریا,NNP
کوریا,NNP
کوریا,NNP
کوریا,NNP
کوریا,NNP
کوریا,NNP
2004,NNP
کوریا,NNP
کوریا,NNP
کوریا,NNP
ٹائمز,NNP
کوریا,NNP
کوریا,NNP
کوریا,NNP
کرکٹ,NNP
کرکٹ,NNP
کرکٹ,NNP
کرکٹ,NNP
ایران,NNP
ستمبر,NNP
فرانس,NNP
پیرس,NNP
فرانس,NNP
فرانس,NNP
فرانس,NNP
اوباما,NNP
روم,NNP
روم,NNP
فرانس,NNP
چین,NNP
ڈالر,NNP
فرانس,NNP
جرمنی,NNP
امریکہ,NNP
ڈالر,NNP
اگست,NNP
چین,NNP
چین,NNP
منگل,NNP
پیر,NNP
یورپ,NNP
امریکہ,NNP
چین,NNP
چین,NNP
چین,NNP
جاپان,NNP
یورپ,NNP
امریکہ,NNP
لندن,NNP
فرانس,NNP
جرمنی,NNP
بھارت,NNP
برطانیہ,NNP
ویلز,NNP
برطانیہ,NNP
بل,NNP
بل,NNP
جیمز,NNP
گرما,NNP
برطانیہ,NNP
ویلز,NNP
برطانیہ,NNP
برطانیہ,NNP
محمد,NNP
برطانیہ,NNP
فٹبال,NNP
فٹبال,NNP
فٹبال,NNP
فروری,NNP
مئی,NNP
فٹبال,NNP
مئی,NNP
فٹبال,NNP
سوئٹزرلینڈ,NNP
مئی,NNP
2022,NNP
قطر,NNP
کراچی,NNP
فاروق,NNP
کراچی,NNP
اسحاق,NNP
ڈار,NNP
کراچی,NNP
کراچی,NNP
خیبر,NNP
شاہ,NNP
شاہ,NNP
شاہ,NNP
شاہ,NNP
شاہ,NNP
راولپنڈی,NNP
کراچی,NNP
حیدر,NNP
خان,NNP
خیبر,NNP
پاکستان,NNP
اللہ,NNP
بلوچستان,NNP
پیر,NNP
بلوچستان,NNP
بلوچستان,NNP
کوئٹہ,NNP
12,NNP
اگست,NNP
بھارت,NNP
کرکٹ,NNP
سی,NNP
سی,NNP
عباس,NNP
پاکستان,NNP
بھارت,NNP
کرکٹ,NNP
کرکٹ,NNP
عباس,NNP
لاہور,NNP
بھارت,NNP
کرکٹ,NNP
کرکٹ,NNP
پاکستان,NNP
بھارت,NNP
کرکٹ,NNP
کرکٹ,NNP
پاکستان,NNP
کرکٹ,NNP
خان,NNP
بھارت,NNP
کرکٹ,NNP
کرکٹ,NNP
کرکٹ,NNP
پاکستان,NNP
کرکٹ,NNP
پاکستان,NNP
پاکستان,NNP
کرکٹ,NNP
برطانیہ,NNP
پیر,NNP
امریکہ,NNP
برطانیہ,NNP
کرکٹ,NNP
برطانیہ,NNP
آفاق,NNP
گرما,NNP
امین,NNP
کرکٹ,NNP
کرکٹ,NNP
کرکٹ,NNP
کولمبو,NNP
بھارت,NNP
بھارت,NNP
بھارت,NNP
مرلی,NNP
مرلی,NNP
بھارت,NNP
فتح,NNP
بھارت,NNP
بھارت,NNP
بھارت,NNP
بھارت,NNP
بھارت,NNP
بھارت,NNP
بھارت,NNP
کرکٹ,NNP
خان,NNP
کرکٹ,NNP
خان,NNP
پاکستان,NNP
کرکٹ,NNP
خان,NNP
پاکستان,NNP
کرکٹ,NNP
کرکٹ,NNP
اکتوبر,NNP
نومبر,NNP
کرکٹ,NNP
بھارت,NNP
2004,NNP
پاکستان,NNP
کرکٹ,NNP
کرکٹ,NNP
پاکستان,NNP
بھارت,NNP
بھارت,NNP
بھارت,NNP
داؤد,NNP
ابراہیم,NNP
کراچی,NNP
کرکٹ,NNP
بھارت,NNP
کرکٹ,NNP
کشمیر,NNP
داؤد,NNP
ابراہیم,NNP
پاکستان,NNP
پاکستان,NNP
کرکٹ,NNP
پاکستان,NNP
بھارت,NNP
درمیان,NNP
اگست,NNP
سرتاج,NNP
عزیز,NNP
بھارت,NNP
سرتاج,NNP
عزیز,NNP
ابراہیم,NNP
پاکستان,NNP
کراچی,NNP
بل,NNP
داؤد,NNP
ابراہیم,NNP
1993,NNP
ممبئی,NNP
پاکستان,NNP
کرکٹ,NNP
کرکٹ,NNP
پاکستان,NNP
کرکٹ,NNP
دسمبر,NNP
بھارت,NNP
پاکستان,NNP
پاکستان,NNP
بھارت,NNP
انڈیا,NNP
کرکٹ,NNP
بھارت,NNP
پاکستان,NNP
ممبئی,NNP
کرکٹ,NNP
اولمپک,NNP
جمیکا,NNP
امریکہ,NNP
امریکہ,NNP
کینیڈا,NNP
امریکہ,NNP
کارل,NNP
امریکہ,NNP
فتح,NNP
بخش,NNP
2004,NNP
اولمپکس,NNP
عامر,NNP
خان,NNP
عامر,NNP
خان,NNP
سنگھ,NNP
سنگھ,NNP
کنگ,NNP
فوکس,NNP
فوکس,NNP
فوکس,NNP
شاہ,NNP
شاہ,NNP
خان,NNP
شاہ,NNP
عمر,NNP
شاہ,NNP
بھارت,NNP
عمر,NNP
عمر,NNP
عمر,NNP
عامر,NNP
خان,NNP
سلمان,NNP
خان,NNP
شاہ,NNP
خان,NNP
عمر,NNP
آسٹریلیا,NNP
روس,NNP
یورو,NNP
جرمنی,NNP
افغانستان,NNP
صالح,NNP
یوٹیوب,NNP
ڈالر,NNP
پیر,NNP
25,NNP
جنوری,NNP
برن,NNP
ایران,NNP
روس,NNP
روس,NNP
ایران,NNP
فرانس,NNP
شامی,NNP
فرانس,NNP
شامی,NNP
اسد,NNP
ایران,NNP
روس,NNP
مصر,NNP
اللہ,NNP
بھارت,NNP
جولائی,NNP
ہندوستان,NNP
بھارت,NNP
ہندوستان,NNP
بخش,NNP
امریکہ,NNP
بخش,NNP
بخش,NNP
برطانیہ,NNP
میلے,NNP
مارچ,NNP
ڈالر,NNP
27,NNP
جولائی,NNP
ڈالر,NNP
پاکستان,NNP
پاکستان,NNP
پاکستان,NNP
پاکستان,NNP
بھارت,NNP
پاکستان,NNP
پاکستان,NNP
بلوچستان,NNP
نیویارک,NNP
ڈالر,NNP
ڈالر,NNP
ڈالر,NNP
پاکستان,NNP
پنجاب,NNP
ملتان,NNP
خان,NNP
بلوچ,NNP
ترکی,NNP
امریکہ,NNP
اسلامیہ,NNP
ترکی,NNP
امریکہ,NNP
اسلامیہ,NNP
14,NNP
ستمبر,NNP
یونان,NNP
اٹلی,NNP
ہنگری,NNP
افریقہ,NNP
روم,NNP
جرمنی,NNP
فرانس,NNP
برطانیہ,NNP
یوپی,NNP
ہنگری,NNP
لیبیا,NNP
جنوری,NNP
2015,NNP
روم,NNP
جرمنی,NNP
پاکستان,NNP
خواجہ,NNP
محمد,NNP
آصف,NNP
خواجہ,NNP
آصف,NNP
سیالکوٹ,NNP
سیالکوٹ,NNP
بھارت,NNP
نواز,NNP
شریف,NNP
ستمبر,NNP
اکتوبر,NNP
امریکہ,NNP
پاکستان,NNP
امریکہ,NNP
پاکستان,NNP
بھارت,NNP
خواجہ,NNP
آصف,NNP
بھارت,NNP
پاکستان,NNP
اعظم,NNP
پاکستان,NNP
نواز,NNP
شریف,NNP
اعظم,NNP
خواجہ,NNP
آصف,NNP
بھارت,NNP
بھارت,NNP
پاکستان,NNP
خواجہ,NNP
آصف,NNP
بھارت,NNP
بھارت,NNP
پاکستان,NNP
خواجہ,NNP
آصف,NNP
بھارت,NNP
بھارت,NNP
خواجہ,NNP
آصف,NNP
بھارت,NNP
بھارت,NNP
اسلامیہ,NNP
یونیسکو,NNP
اسلامیہ,NNP
اسلامیہ,NNP
مئی,NNP
اسلامیہ,NNP
خدا,NNP
یونیسکو,NNP
عبدالکریم,NNP
اسلامیہ,NNP
اسلامیہ,NNP
عراق,NNP
اسلامیہ,NNP
بھارت,NNP
بھارت,NNP
بھارت,NNP
بھارت,NNP
بھارت,NNP
بھارت,NNP
بھارت,NNP
کیری,NNP
بھارت,NNP
بھارت,NNP
بھارت,NNP
بھارت,NNP
بھارت,NNP
بھارت,NNP
بھارت,NNP
بھارت,NNP
کولمبو,NNP
بھارت,NNP
بھارت,NNP
بھارت,NNP
بھارت,NNP
پاکستان,NNP
پنجاب,NNP
لاہور,NNP
الطاف,NNP
حسین,NNP
علی,NNP
اکبر,NNP
مظہر,NNP
اقبال,NNP
ارم,NNP
گل,NNP
الطاف,NNP
حسین,NNP
الطاف,NNP
حسین,NNP
پیر,NNP
الطاف,NNP
حسین,NNP
الطاف,NNP
حسین,NNP
الطاف,NNP
حسین,NNP
پاکستان,NNP
الطاف,NNP
حسین,NNP
اعظم,NNP
ستمبر,NNP
سوزن,NNP
رائس,NNP
پاکستان,NNP
میاں,NNP
نواز,NNP
شریف,NNP
خواجہ,NNP
آصف,NNP
بھارت,NNP
بھارت,NNP
پاکستان,NNP
خواجہ,NNP
آصف,NNP
بھارت,NNP
بھارت,NNP
پاکستان,NNP
خواجہ,NNP
آصف,NNP
بھارت,NNP
گجرات,NNP
بھارت,NNP
خواجہ,NNP
آصف,NNP
بھارت,NNP
گجرات,NNP
بھارت,NNP
شام,NNP
اسلامیہ,NNP
یونیسکو,NNP
پیلمائرا,NNP
بعل,NNP
شمین,NNP
دولتِ,NNP
اسلامیہ,NNP
بعل,NNP
شمین,NNP
مئی,NNP
پیلمائرا,NNP
اسلامیہ,NNP
اے,NNP
پی,NNP
کو,NNP
بعل,NNP
شمین,NNP
پیلمائرا,NNP
خدا,NNP
یونیسکو,NNP
شام,NNP
مامون,NNP
عبدالکریم,NNP
اسلامیہ,NNP
بعل,NNP
شمین,NNP
سیریئن,NNP
آبزرویٹری,NNP
فار,NNP
پیلمائرا,NNP
اسلامیہ,NNP
عراق,NNP
شام,NNP
پیلمائرا,NNP
تدمر,NNP
شام,NNP
اسلامیہ,NNP
پیلمائرا,NNP
لنکا,NNP
بھارت,NNP
بھارت,NNP
ہیںاور,NNP
وراٹ,NNP
کوہلی,NNP
روہت,NNP
شرما,NNP
بھارت,NNP
سٹورٹ,NNP
بنی,NNP
نمن,NNP
اوجھا,NNP
پردیپ,NNP
پرساد,NNP
اتوار,NNP
سری,NNP
لنکا,NNP
بھارت,NNP
بھارت,NNP
روہت,NNP
شرما,NNP
ویراٹ,NNP
کوہلی,NNP
بھارت,NNP
لنکا,NNP
نے,NNP
کوشل,NNP
پریرا,NNP
ہیراتھ,NNP
کوشل,NNP
پریرا,NNP
ہیراتھ,NNP
بھارت,NNP
ایشانت,NNP
شرما,NNP
سٹورٹ,NNP
بنی,NNP
امت,NNP
مشرا,NNP
اومیش,NNP
یادو,NNP
چتیشور,NNP
پجارا,NNP
بھارت,NNP
بھارت,NNP
سری,NNP
لنکا,NNP
دھمیکا,NNP
پرساد,NNP
ہیراتھ,NNP
بھارت,NNP
سنیچر,NNP
پجارا,NNP
ایشانت,NNP
شرما,NNP
پجارا,NNP
امت,NNP
مشرا,NNP
بھارت,NNP
امت,NNP
مشرا,NNP
سری,NNP
لنکا,NNP
دھمیکا,NNP
پرساد,NNP
سٹورٹ,NNP
بنی,NNP
پراساد,NNP
پراساد,NNP
نمن,NNP
اوجھا,NNP
آر,NNP
ایشون,NNP
بھارت,NNP
وراٹ,NNP
کوہلی,NNP
بھارت,NNP
سری,NNP
اینجلو,NNP
میتھیوز,NNP
بھارت,NNP
روہت,NNP
شرما,NNP
سری,NNP
لنکن,NNP
پرساد,NNP
بھارت,NNP
کولمبو,NNP
جمعے,NNP
سری,NNP
بھارت,NNP
بھارت,NNP
ایل,NNP
راہل,NNP
پرساد,NNP
ریہانے,NNP
پردیپ,NNP
چتیشور,NNP
پجارا,NNP
وراٹ,NNP
کوہلی,NNP
رنگانا,NNP
ہیراتھ,NNP
سری,NNP
لنکا,NNP
بھارت,NNP
بھارت,NNP
سری,NNP
لنکا,NNP
پاکستان,NNP
پنجاب,NNP
لاہور,NNP
متحدہ,NNP
قومی,NNP
موومنٹ,NNP
الطاف,NNP
حسین,NNP
مظاہر,NNP
علی,NNP
اکبر,NNP
نقوی,NNP
مظہر,NNP
اقبال,NNP
سدھو,NNP
ارم,NNP
سجاد,NNP
گل,NNP
الطاف,NNP
حسین,NNP
الطاف,NNP
حسین,NNP
پیر,NNP
الطاف,NNP
حسین,NNP
الطاف,NNP
حسین,NNP
الطاف,NNP
حسین,NNP
پاکستان,NNP
الطاف,NNP
حسین,NNP
کابینہ,NNP
ڈویڑن,NNP
سیکرٹری,NNP
داخلہ,NNP
ستمبر,NNP
جولائی,NNP
الطاف,NNP
حسین,NNP
الطاف,NNP
حسین,NNP
جولائی,NNP
کراچی,NNP
راحیل,NNP
شریف,NNP
پاکستان,NNP
بلال,NNP
اکبر,NNP
وائسرائے,NNP
الطاف,NNP
حسین,NNP
بلال,NNP
اکبر,NNP
حلف,NNP
چوہدری,NNP
نثار,NNP
علی,NNP
خان,NNP
الطاف,NNP
حسین,NNP
کراچی,NNP
الطاف,NNP
حسین,NNP
پاکستان,NNP
باجوڑ,NNP
خار,NNP
کوثر,NNP
مشران,NNP
خار,NNP
باجوڑ,NNP
ایجنسی,NNP
افغان,NNP
باجوڑ,NNP
ایجنسی,NNP
قبائلی,NNP
مشران,NNP
تحریکِ,NNP
طالبان,NNP
پاکستان,NNP
طالبان,NNP
پاکستان,NNP
الحرار,NNP
باجوڑ,NNP
ایجنسی,NNP
باجوڑ,NNP
ممبئی,NNP
لیکمے,NNP
بالی,NNP
وڈ,NNP
مشرق,NNP
وسطیٰ,NNP
افریقی,NNP
روم,NNP
یورپ,NNP
محمد,NNP
عامر,NNP
محمد,NNP
عامر,NNP
اینٹی,NNP
کرپشن,NNP
ٹریبونل,NNP
مائیکل,NNP
بیلوف,NNP
عامر,NNP
لندن,NNP
محمد,NNP
عامر,NNP
سلمان,NNP
بٹ,NNP
محمد,NNP
آصف,NNP
محمد,NNP
عامر,NNP
رمیز,NNP
راجہ,NNP
رمیز,NNP
راجہ,NNP
محمد,NNP
عامر,NNP
رمیز,NNP
راجہ,NNP
راشد,NNP
لطیف,NNP
محمد,NNP
عامر,NNP
راشد,NNP
لطیف,NNP
محمد,NNP
عامر,NNP
محمد,NNP
عامر,NNP
انگلینڈ,NNP
مائیکل,NNP
ایتھرٹن,NNP
رمیز,NNP
راجہ,NNP
مغرب,NNP
ذرائع,NNP
ابلاغ,NNP
پاکستان,NNP
مغرب,NNP
ناسا,NNP
پلوٹو,NNP
دمدار,NNP
ناسا,NNP
جولائی,NNP
پلوٹو,NNP
پلوٹو,NNP
پلوٹو,NNP
کائیپر,NNP
بیلٹ,NNP
ناسا,NNP
جون,NNP
گرنسفیلڈ,NNP
ہورائزن,NNP
پلوٹو,NNP
ایلن,NNP
ناسا,NNP
ہبل,NNP
اکتوبر,NNP
نومبر,NNP
جنوری,NNP
ڈنڈی,NNP
ایڈن,NNP
برگ,NNP
دستیاب,NNP
ایڈنبرگ,NNP
طبیعیات,NNP
کیٹ,NNP
میک,NNP
فی,NNP
نکولا,NNP
سٹینلی,NNP
وال,NNP
نیدرلینڈ,NNP
ایمسٹرڈیم,NNP
نیدرلینڈ,NNP
کینیڈا,NNP
نیدرلینڈ,NNP
کینیڈا,NNP
اوتریخت,NNP
جورس,NNP
ورسٹر,NNP
ورسٹر,NNP
لندن,NNP
مائیکل,NNP
بلومفیلڈ,NNP
یورو,NNP
نیوروسائیکوفارماکولوجی,NNP
ٹویٹس,NNP
ٹوئٹر,NNP
نٹورک,NNP
ٹوئٹر,NNP
ٹوئٹر,NNP
پولٹ,NNP
ووپس,NNP
ٹویٹس,NNP
پالٹ,NNP
ووپس,NNP
ٹویٹ,NNP
ٹوئٹر,NNP
پولٹ,NNP
ووپس,NNP
ٹوئٹر,NNP
پولٹ,NNP
ووپس,NNP
نیدر,NNP
لینڈ,NNP
فاؤنڈیشن,NNP
ارجن,NNP
الفساد,NNP
ٹوئٹر,NNP
پولٹ,NNP
ووپس,NNP
نیدر,NNP
لینڈ,NNP
افغانستان,NNP
بووی,NNP
برگڈال,NNP
ٹویٹ,NNP
پولٹ,NNP
ووپس,NNP
ٹویٹ,NNP
ٹویٹ,NNP
ٹوئٹر,NNP
ٹویٹس,NNP
ٹویٹس,NNP
الیکٹرومیگنیٹک,NNP
میرین,NNP
رچرڈ,NNP
یورو,NNP
میرین,NNP
جنوب,NNP
فرانس,NNP
تولوز,NNP
امریکہ,NNP
آئسو,NNP
ٹروپ,NNP
آئسوٹروپ,NNP
یورپ,NNP
سویڈن,NNP
امریکہ,NNP
ناسا,NNP
ہوائی,NNP
جمعے,NNP
ناسا,NNP
سپیس,NNP
سٹیشن,NNP
آئیسولیشن,NNP
ناسا,NNP
بنسٹیڈ,NNP
ڈائنا,NNP
پوپووچ,NNP
مائیکل,NNP
مینزفیلڈ,NNP
اینا,NNP
اینا,NNP
مشرق,NNP
وسطیٰ,NNP
آکسفورڈ,NNP
ہارورڈ,NNP
شام,NNP
پیلمائرہ,NP
دولت,NNP
اسلامیہ,NNP
برطانیہ,NNP
ڈیجیٹل,NNP
آرکیالوجی,NNP
روجر,NNP
مچل,NNP
ٹائم,NNP
روجر,NNP
مچل,NNP
یونیسکو,NNP
روجر,NNP
مچل,NNP
مشرق,NNP
وسطیٰ,NNP
شام,NNP
پیلمائرہ,NNP
بعل,NNP
شمین,NNP
ڈیفنس,NNP
مئی,NNP
اگست,NNP
بلشامن,NNP
بعل,NNP
شمین,NNP
اسلامیہ,NNP
یونیسکو,NNP
پیلمائرا,NNP
بعل,NNP
شمین,NNP
بعل,NNP
شمین,NNP
مئی,NNP
اسلامیہ,NNP
یونیسکو,NNP
قادر,NNP
خان,NNP
امیتابھ,NNP
بچن,NNP
ٹوئٹر,NNP
قادر,NNP
خان,NNP
قادر,NNP
خان,NNP
قادر,NNP
خان,NNP
اوم,NNP
پوری,NNP
قادر,NNP
خان,NNP
سلمان,NNP
خان,NNP
اکشے,NNP
کمار,NNP
پرینکا,NNP
چوپڑہ,NNP
لموں,NNP
قادر,NNP
خان,NNP
قادر,NNP
خان,NNP
قادر,NNP
اوم,NNP
پوری,NNP
اوم,NNP
پوری,NNP
قادر,NNP
خان,NNP
انگار,NNP
پاکستان,NNP
پیپلز,NNP
پارٹی,NNP
آصف,NNP
علی,NNP
زرداری,NNP
میاں,NNP
نواز,NNP
شریف,NNP
پیپلز,NNP
پارٹی,NNP
پیر,NNP
لندن,NNP
نواز,NNP
شریف,NNP
پاکستان,NNP
پیپلز,NNP
پارٹی,NNP
آصف,NNP
علی,NNP
زرداری,NNP
نواز,NNP
شریف,NNP
طالبان,NNP
پیپلز,NNP
پارٹی,NNP
پاکستان,NNP
پیپلز,NNP
پارٹی,NNP
پنجاب,NNP
قاسم,NNP
ضیا,NNP
رخسانہ,NNP
بنگش,NNP
عاصم,NNP
یوسف,NNP
رضا,NNP
گیلانی,NNP
مخدوم,NNP
امین,NNP
فہیم,NNP
سندھ,NNP
سندھ,NNP
آصف,NNP
زرداری,NNP
نواز,NNP
شریف,NNP
میاں,NNP
نواز,NNP
شریف,NNP
اسحاق,NNP
ڈار,NNP
شریف,NNP
برادران,NNP
آصف,NNP
علی,NNP
زرداری,NNP
پنجاب,NNP
رانا,NNP
مشہود,NNP
میاں,NNP
سندھ,NNP
شریف,NNP
پاکستان,NNP
پیپلز,NNP
پارٹی,NNP
پیپلز,NNP
پارٹی,NNP
شریف,NNP
پرویز,NNP
آصف,NNP
علی,NNP
زرداری,NNP
عاصم,NNP
حسین,NNP
پرویز,NNP
آصف,NNP
علی,NNP
زرداری,NNP
حسین,NNP
آسٹریا,NNP
کونارڈ,NNP
کوگلر,NNP
داخلہ,NNP
اتوار,NNP
جمعرات,NNP
ہنگری,NNP
آسٹریا,NNP
ہنگری,NNP
بیلجیئم,NNP
افغانستان,NNP
آسٹریا,NNP
جوہانا,NNP
مائیکل,NNP
لینٹر,NNP
پیر,NNP
اتوار,NNP
آسٹریا,NNP
ہنگری,NNP
بڈاپسٹ,NNP
آسٹریا,NNP
مشرق,NNP
وسطیٰ,NNP
افریقہ,NNP
یورپ,NNP
یورپ,NNP
یورپ,NNP
مصر,NNP
نیل,NNP
ڈیلٹا,NNP
کفر,NNP
الدوار,NNP
محمود,NNP
المغازی,NNP
محمود,NNP
المغازی,NNP
فجر,NNP
فیس,NNP
بک,NNP
سعید,NNP
غازی,NNP
اتوار,NNP
محمود,NNP
محمود,NNP
المغازی,NNP
اخوان,NNP
المسلمین,NNP
عبدالفتح,NNP
الیسیسی,NNP
فیس,NNP
بک,NNP
شام,NNP
دولتِ,NNP
اسلامیہ,NNP
پیلمائرا,NNP
بل,NNP
یونیسکو,NNP
بل,NNP
اتوار,NNP
بل,NNP
پیلمائرا,NNP
خدا,NNP
شامی,NNP
مامون,NNP
عبدالکریم,NNP
پیر,NNP
بل,NNP
پیلمائرا,NNP
دولتِ,NNP
اسلامیہ,NNP
پیلمائرا,NNP
ملائیشیا,NNP
نجیب,NNP
رزاق,NNP
نجیب,NNP
رزاق,NNP
نجیب,NNP
رزاق,NNP
ڈالر,NNP
ڈالر,NNP
نجیب,NNP
رزاق,NNP
ملائیشیا,NNP
نجیب,NNP
رزاق,NNP
نواز,NNP
ملائیشیا,NNP
نجیب,NNP
رزاق,NNP
ملائیشیا,NNP
نجیب,NNP
رزاق,NNP
نجیب,NNP
رزاق,NNP
ملائیشیا,NNP
ہیلری,NNP
کلنٹن,NNP
ہیلری,NNP
کلنٹن,NNP
ہیلری,NNP
کلنٹن,NNP
امریکہ,NNP
ہیلری,NNP
کلنٹن,NNP
مارک,NNP
ٹونر,NNP
ہیلری,NNP
کلنٹن,NNP
کلنٹن,NNP
امریکہ,NNP
واشنگٹن,NNP
کلنٹن,NNP
جو,NNP
بائیڈن,NNP
ریپبلیکن,NNP
ڈونالڈ,NNP
ٹرمپ,NNP
ہیلری,NNP
کلنٹن,NNP
ڈیوڈ,NNP
پیٹریئس,NNP
کلنٹن,NNP
مئی,NNP
پاکستان,NNP
خیبر,NNP
جمرود,NNP
منگل,NNP
خیبر,NNP
پشاور,NNP
افغانستان,NNP
کارڈف,NNP
انگلینڈ,NNP
آسٹریلیا,NNP
انگلینڈ,NNP
آسٹریلیا,NNP
انگلینڈ,NNP
آسٹریلیا,NNP
آسٹریلیا,NNP
فتح,NNP
سٹووکس,NNP
انگلینڈ,NNP
آسٹریلیا,NNP
سمتھ,NNP
سمتھ,NNP
میکسول,NNP
وارنر,NNP
واٹسن,NNP
مارش,NNP
کمنز,NNP
سٹارک,NNP
سٹوئنس,NNP
انگلینڈ,NNP
ولی,NNP
فن,NNP
ٹوپلی,NNP
سٹوکس,NNP
معین,NNP
علی,NNP
آسٹریلیا,NNP
انگلینڈ,NNP
انگلینڈ,NNP
اوپنرز,NNP
رائے,NNP
ہیلز,NNP
معین,NNP
علی,NNP
مورگن,NNP
انگلینڈ,NNP
معین,NNP
علی,NNP
مورگن,NNP
مورگن,NNP
بٹلر,NNP
آسٹریلیا,NNP
کمنز,NNP
سٹارک,NNP
کولٹر,NNP
معین,NNP
علی,NNP
طالبان,NNP
اختر,NNP
محمد,NNP
منصور,NNP
عمر,NNP
عمر,NNP
محمد,NNP
عمر,NNP
محمد,NNP
عمر,NNP
منصور,NNP
محمد,NNP
عمر,NNP
جولائی,NNP
محمد,NNP
عمر,NNP
اختر,NNP
منصور,NNP
مولوی,NNP
اختر,NNP
محمد,NNP
منصور,NNP
محمد,NNP
عمر,NNP
طالبان,NNP
محمد,NNP
عمر,NNP
بھارت,NNP
مہاراشٹرا,NNP
ناگپور,NNP
طالب,NNP
حسین,NNP
شاہ,NNP
کشمیر,NNP
طالب,NNP
حسین,NNP
اندرا,NNP
گاندھی,NNP
اوپن,NNP
کشمیر,NNP
شاہ,NNP
طالب,NNP
حسین,NNP
اسلام,NNP
مارچ,NNP
طالب,NNP
طالب,NNP
شاہ,NNP
رتانی,NNP
پورہ,NNP
اقبال,NNP
مودودی,NNP
فردوس,NNP
فردوس,NNP
طالب,NNP
کشمیر,NNP
کشمیر,NNP
پلوامہ,NNP
شوپیاں,NNP
کشمیر,NNP
ترال,NNP
برہان,NNP
مظفر,NNP
وانی,NNP
برہان,NNP
خالد,NNP
بُرہان,NNP
حزب,NNP
المجاہدین,NNP
کشمیر,NNP
کشمیر,NNP
سوبرت,NNP
ساہا,NNP
کشمیر,NNP
ہند,NNP
ہند,NNP
بھارت,NNP
سویت,NNP
یونین,NNP
افغانستان,NNP
بھارت,NNP
امریکہ,NNP
دولت,NNP
اسلامیہ,NNP
طالبان,NNP
شیخ,NNP
شوکت,NNP
حسین,NNP
کشمیر,NNP
افغانستان,NNP
عراق,NNP
کشمیر,NNP
داعش,NNP
بھارت,NNP
سپریم,NNP
کورٹ,NNP
راجستھان,NNP
ہائی,NNP
کورٹ,NNP
جین,NNP
مت,NNP
سنتھرا,NNP
راجستھان,NNP
ہائی,NNP
کورٹ,NNP
جین,NNP
مذہب,NNP
سنتھرا,NNP
پیر,NNP
سپریم,NNP
کورٹ,NNP
ہائی,NNP
کورٹ,NNP
سپریم,NNP
کورٹ,NNP
جین,NNP
مت,NNP
بھکشو,NNP
جین,NNP
مذہب,NNP
راجستھان,NNP
ہائی,NNP
کورٹ,NNP
راجستھان,NNP
ہائی,NNP
کورٹ,NNP
عبدالکلام,NNP
اورنگزیب,NNP
عبدالکلام,NNP
المظفر,NNP
محی,NNP
الدین,NNP
محمد,NNP
عالمگیر,NNP
اورنگزیب,NNP
اورنگزیب,NNP
ہندوستان,NNP
گرم,NNP
جین,NNP
مت,NNP
سنتھارا,NNP
سلیکھنا,NNP
جین,NNP
راجستھان,NNP
ہائی,NNP
کورٹ,NNP
جین,NNP
ہندوستان,NNP
سنتھارا,NNP
سپریم,NNP
کورٹ,NNP
جین,NNP
سنتھارا,NNP
اورنگزیب,NNP
عالم,NNP
گیر,NNP
سپریم,NNP
کورٹ,NNP
کینٹکی,NNP
کینٹکی,NNP
رووان,NNP
ڈیوس,NNP
منگل,NNP
ڈیوس,NNP
پیر,NNP
ڈیوس,NNP
ایرک,NNP
وان,NNP
سیبل,NNP
وان,NNP
سیبل,NNP
کِرس,NNP
ولکوس,NNP
آسٹریلیا,NNP
افریقہ,NNP
امریکہ,NNP
جنوب,NNP
وان,NNP
سیبیل,NNP
لندن,NNP
امپیریل,NNP
امریکہ,NNP
جارجیا,NNP
جینا,NNP
جیم,NNP
بیک,NNP
امریکہ,NNP
افغانستان,NNP
پاکستان,NNP
امریکہ,NNP
امریکہ,NNP
افغانستان,NNP
ڈالر,NNP
اتوار,NNP
سوزن,NNP
رائس,NNP
نواز,NNP
شریف,NNP
سرتاج,NNP
عزیز,NNP
پاکستان,NNP
امریکہ,NNP
حقانی,NNP
امریکہ,NNP
حقانی,NNP
پاکستان,NNP
پاکستان,NNP
وزیرستان,NNP
ضرب,NNP
عضب,NNP
امریکہ,NNP
پاکستان,NNP
افغانستان,NNP
امریکہ,NNP
سعد,NNP
امریکہ,NNP
امریکہ,NNP
سوویت,NNP
یونین,NNP
پاکستان,NNP
امریکہ,NNP
پاکستان,NNP
امریکہ,NNP
سعد,NNP
امریکہ,NNP
افغانستان,NNP
افغانستان,NNP
امریکہ,NNP
افغانستان,NNP
سعد,NNP
امریکہ,NNP
پاکستان,NNP
پاکستان,NNP
امریکہ,NNP
پاکستان,NNP
امریکہ,NNP
پاکستان,NNP
ڈالر,NNP
افغانستان,NNP
پاکستان,NNP
پاکستان,NNP
امریکہ,NNP
پاکستان,NNP
ڈالر,NNP
پاکستان,NNP
ثاقب,NNP
شیرانی,NNP
ثاقب,NNP
شیرانی,NNP
پاکستان,NNP
پاکستان,NNP
ممنون,NNP
حسین,NNP
وزیرستان,NNP
ضرب,NNP
عضب,NNP
ممنون,NNP
حسین,NNP
جمعرات,NNP
لنڈی,NNP
کوتل,NNP
پشاور,NNP
افغانستان,NNP
طورخم,NNP
پاکستان,NNP
خیبر,NNP
سرشتے,NNP
سرشتے,NNP
خیبر,NNP
ابراہیم,NNP
شنواری,NNP
ممنون,NNP
حسین,NNP
ذخہ,NNP
خیل,NNP
باڑہ,NNP
ملاگوری,NNP
وارث,NNP
خان,NNP
وارث,NNP
خان,NNP
پاکستان,NNP
راحیل,NNP
شریف,NNP
وزیرستان,NNP
شوال,NNP
راحیل,NNP
شریف,NNP
پاکستان,NNP
کرکٹ,NNP
اعجاز,NNP
بٹ,NNP
سلمان,NNP
بٹ,NNP
کرکٹ,NNP
منگل,NNP
اعجاز,NNP
بٹ,NNP
پاکستان,NNP
کرکٹ,NNP
اعجاز,NNP
بٹ,NNP
برطانیہ,NNP
پاکستان,NNP
پاکستان,NNP
کرکٹ,NNP
سلمان,NNP
بٹ,NNP
اعجاز,NNP
بٹ,NNP
پاکستان,NNP
کرکٹ,NNP
سلمان,NNP
بٹ,NNP
محمد,NNP
آصف,NNP
محمد,NNP
عامر,NNP
سلمان,NNP
بٹ,NNP
اعجاز,NNP
بٹ,NNP
محمد,NNP
عامر,NNP
اعجاز,NNP
بٹ,NNP
مظہر,NNP
مجید,NNP
مظہر,NNP
مجید,NNP
اعجاز,NNP
بٹ,NNP
پاکستان,NNP
کرکٹ,NNP
اعجاز,NNP
بٹ,NNP
پاکستان,NNP
کرکٹ,NNP
نادرا,NNP
پاکستان,NNP
نادرا,NNP
نادرا,NNP
سید,NNP
مظفر,NNP
علی,NNP
نادرا,NNP
سید,NNP
مظفر,NNP
علی,NNP
پاکستان,NNP
نادرا,NNP
نادرا,NNP
نادرا,NNP
القاعدہ,NNP
نادرا,NNP
کراچی,NNP
کیماڑی,NNP
نادرا,NNP
نادرا,NNP
لاہور,NNP
اسماعیل,NNP
خان,NNP
نادرا,NNP
سید,NNP
مظفر,NNP
علی,NNP
نادرا,NNP
نادرا,NNP
سید,NNP
مظفر,NNP
علی,NNP
نادرا,NNP
چوہدی,NNP
نثار,NNP
علی,NNP
خان,NNP
نادرا,NNP
کولمبو,NNP
بھارت,NNP
بھارت,NNP
فتح,NNP
سری,NNP
لنکن,NNP
سری,NNP
لنکن,NNP
اینجلو,NNP
میتھیوز,NNP
منگل,NNP
سری,NNP
لنکا,NNP
میتھیوز,NNP
کشال,NNP
پریرا,NNP
پریرا,NNP
ایشون,NNP
میتھیوز,NNP
ایشانت,NNP
شرما,NNP
بھارت,NNP
روی,NNP
چندرن,NNP
ایشون,NNP
ایشانت,NNP
شرما,NNP
امیش,NNP
یادو,NNP
امت,NNP
مشرا,NNP
سری,NNP
لنکن,NNP
کولمبو,NNP
بھارت,NNP
چیتیشور,NNP
پجارا,NNP
سری,NNP
لنکن,NNP
بھارت,NNP
بھارت,NNP
رنگانا,NNP
ہیراتھ,NNP
سری,NNP
لنکا,NNP
بھارت,NNP
بھارت,NNP
سری,NNP
لنکا,NNP
اسلام,NNP
آباد,NNP
ہائی,NNP
کورٹ,NNP
پاکستان,NNP
پیپلز,NNP
پارٹی,NNP
یوسف,NNP
رضا,NNP
گیلانی,NNP
آصف,NNP
علی,NNP
زرداری,NNP
نواز,NNP
شریف,NNP
پاکستان,NNP
پیپلز,NNP
پارٹی,NNP
اسلام,NNP
ہائی,NNP
کورٹ,NNP
نورالحق,NNP
قریشی,NNP
یوسف,NNP
رضا,NNP
گیلانی,NNP
اعظم,NNP
یوسف,NNP
رضا,NNP
گیلانی,NNP
فاروق,NNP
ایچ,NNP
نائیک,NNP
کراچی,NNP
یوسف,NNP
رضا,NNP
گیلانی,NNP
فاروق,NNP
ایچ,NNP
نائیک,NNP
یوسف,NNP
رضا,NNP
گیلانی,NNP
کراچی,NNP
یوسف,NNP
رضا,NNP
گیلانی,NNP
فاروق,NNP
ایچ,NNP
نائیک,NNP
محمد,NNP
زبیر,NNP
اعظم,NNP
یوسف,NNP
رضا,NNP
گیلانی,NNP
پاکستان,NNP
پیپلز,NNP
پارٹی,NNP
پاکستان,NNP
لندن,NNP
یوسف,NNP
رضا,NNP
گیلانی,NNP
پاکستان,NNP
پیپلز,NNP
پارٹی,NNP
گرونفیلڈ,NNP
ٹم,NNP
گرونفیلڈ,NNP
نیدرلینڈ,NNP
ڈالر,NNP
گرونفیلڈ,NNP
گرونفیلڈ,NNP
ٹم,NNP
بریٹ,NNP
سوئٹزرلینڈ,NNP
رولیکس,NNP
سواچ,NNP
اومیگا,NNP
رچمونٹ,NNP
سوئس,NNP
ڈالر,NNP
سوئٹزرلینڈ,NNP
رولیکس,NNP
ڈیزائنر,NNP
سوئٹزر,NNP
لینڈ,NNP
یورپ,NNP
گرونفیلڈ,NNP
سواچ,NNP
یورپ,NNP
فن,NNP
لینڈ,NNP
سٹیپان,NNP
سرپنیوا,NNP
سرپنیوا,NNP
ٹائم,NNP
سرپنیوا,NNP
سرپنیوا,NNP
فن,NNP
لینڈ,NNP
سوئٹزرلینڈ,NNP
سرپنیوا,NNP
یورو,NNP
برطانیہ,NNP
پیٹر,NNP
سپیک,NNP
مارین,NNP
پیٹر,NNP
پیٹر,NNP
سپیک,NNP
مارین,NNP
لاس,NNP
اینجلس,NNP
سپیک,NNP
مارین,NNP
سپیک,NNP
مارین,NNP
سپیک,NNP
مارین,NNP
سروائیور,NNP
پیئرس,NNP
بروسنن,NNP
سپیک,NNP
مارین,NNP
پیئرس,NNP
بروسنن,NNP
سپیک,NNP
مارین,NNP
ڈالر,NNP
نیدرلینڈ,NNP
بارٹ,NNP
گرونفیلد,NNP
بھارت,NNP
گوگل,NNP
گوگل,NNP
امریکہ,NNP
یورپ,NNP
گوگل,NNP
گوگل,NNP
بھارت,NNP
گوگل,NNP
یورپ,NNP
گوگل,NNP
گوگل,NNP
یورپ,NNP
ڈالر,NNP
گوگل,NNP
صومالیہ,NNP
الشباب,NNP
شمال,NNP
احمد,NNP
حسن,NNP
یوگینڈا,NNP
جانالہ,NNP
صومالی,NNP
بلو,NNP
اِڈو,NNP
روئٹرز,NNP
صومالیہ,NNP
الشباب,NNP
جون,NNP
الشباب,NNP
صومالیہ,NNP
لیگو,NNP
الشباب,NNP
الشباب,NNP
موغادیشو,NNP
جرمنی,NNP
کینیڈا,NNP
کاربن,NNP
سن,NNP
فائر,NNP
اپریل,NNP
کینیڈا,NNP
کاربن,NNP
کاربن,NNP
ڈائی,NNP
آکسائیڈ,NNP
کاربن,NNP
کاربن,NNP
ڈائی,NNP
آکسائیڈ,NNP
کاربن,NNP
ڈائی,NNP
آکسائیڈ,NNP
کاربن,NNP
ڈائی,NNP
آکسائیڈ,NNP
کاربن,NNP
ڈائی,NNP
آکسائیڈ,NNP
جولائی,NNP
جون,NNP
کاربن,NNP
ڈائی,NNP
آکسائیڈ,NNP
پانی,NNP
کاربن,NNP
کاربن,NNP
پانی,NNP
ہائیڈرون,NNP
کاربن,NNP
ہائیڈروجن,NNP
فشر,NNP
ٹروپش,NNP
کاربن,NNP
ڈائی,NNP
آکسائیڈ,NNP
کاربن,NNP
ایڈریئن,NNP
کورلس,NNP
کاربن,NNP
ڈائی,NNP
آکسائیڈ,NNP
کیلشیئم,NNP
کاربونیٹ,NNP
کاربن,NNP
ڈائی,NNP
آکسائیڈ,NNP
ہوا,NNP
کاربن,NNP
ڈائی,NNP
آکسائیڈ,NNP
کلائم,NNP
کاربن,NNP
ڈائی,NNP
آکسائیڈ,NNP
کلائم,NNP
ورکس,NNP
افریقہ,NNP
جاپان,NNP
جزائر,NNP
ڈومینیک,NNP
کروننبرگ,NNP
کاربن,NNP
ڈائی,NNP
آکسائیڈ,NNP
کاربن,NNP
ڈائی,NNP
آکسائیڈ,NNP
کاربن,NNP
ڈائی,NNP
آکسائیڈ,NNP
کاربن,NNP
ڈائی,NNP
آکسائیڈ,NNP
گندھک,NNP
کاربن,NNP
ڈائی,NNP
آکسائیڈ,NNP
یورو,NNP
برطانیہ,NNP
ڈومینیک,NNP
کروننبرگ,NNP
برطانیہ,NNP
امریکہ,NNP
امپیریل,NNP
لندن,NNP
پال,NNP
فینل,NNP
کاربن,NNP
ایڈریئن,NNP
کورلس,NNP
کاربن,NNP
برمنگھم,NNP
برطانیہ,NNP
لورا,NNP
وجنز,NNP
سپرمین,NNP
ڈنمارک,NNP
برطانیہ,NNP
گارڈیئن,NNP
ڈنمارک,NNP
وائکنگ,NNP
ڈنمارک,NNP
